index,dev_id,dev_name,dev_CC,dev_memClock,dev_clock,n,numSMs,blocks_i,blocks_i/numSMs,blocks_n,TBlockSize,TRuns,min_time,max_throughput       
0,0,Quadro GV100,7.0,850,1912,1024,80,8,0,8,64,5,0.0072 ms,0.568889 GB/s                 
0,0,Quadro GV100,7.0,850,1912,1024,80,4,0,4,128,5,0.007168 ms,0.571429 GB/s               
0,0,Quadro GV100,7.0,850,1912,1024,80,2,0,2,256,5,0.008192 ms,0.5 GB/s                    
0,0,Quadro GV100,7.0,850,1912,1024,80,1,0,1,512,5,0.008192 ms,0.5 GB/s                            
0,0,Quadro GV100,7.0,850,1912,1024,80,1,0,1,1024,5,0.008192 ms,0.5 GB/s                   
0,0,Quadro GV100,7.0,850,1912,2048,80,16,0,16,64,5,0.007168 ms,1.14286 GB/s                
0,0,Quadro GV100,7.0,850,1912,2048,80,8,0,8,128,5,0.007168 ms,1.14286 GB/s
0,0,Quadro GV100,7.0,850,1912,2048,80,4,0,4,256,5,0.007232 ms,1.13274 GB/s
0,0,Quadro GV100,7.0,850,1912,2048,80,2,0,2,512,5,0.008192 ms,1 GB/s
0,0,Quadro GV100,7.0,850,1912,2048,80,1,0,1,1024,5,0.009216 ms,0.888889 GB/s
0,0,Quadro GV100,7.0,850,1912,4096,80,32,0,32,64,5,0.007168 ms,2.28571 GB/s
0,0,Quadro GV100,7.0,850,1912,4096,80,16,0,16,128,5,0.007168 ms,2.28571 GB/s
0,0,Quadro GV100,7.0,850,1912,4096,80,8,0,8,256,5,0.007168 ms,2.28571 GB/s
0,0,Quadro GV100,7.0,850,1912,4096,80,4,0,4,512,5,0.008192 ms,2 GB/s
0,0,Quadro GV100,7.0,850,1912,4096,80,2,0,2,1024,5,0.009152 ms,1.79021 GB/s
0,0,Quadro GV100,7.0,850,1912,8192,80,64,0,64,64,5,0.007168 ms,4.57143 GB/s
0,0,Quadro GV100,7.0,850,1912,8192,80,32,0,32,128,5,0.007168 ms,4.57143 GB/s
0,0,Quadro GV100,7.0,850,1912,8192,80,16,0,16,256,5,0.007168 ms,4.57143 GB/s
0,0,Quadro GV100,7.0,850,1912,8192,80,8,0,8,512,5,0.008192 ms,4 GB/s
0,0,Quadro GV100,7.0,850,1912,8192,80,4,0,4,1024,5,0.009184 ms,3.56794 GB/s
0,0,Quadro GV100,7.0,850,1912,16384,80,128,1,128,64,5,0.007168 ms,9.14286 GB/s
0,0,Quadro GV100,7.0,850,1912,16384,80,64,0,64,128,5,0.007168 ms,9.14286 GB/s
0,0,Quadro GV100,7.0,850,1912,16384,80,32,0,32,256,5,0.0072 ms,9.10222 GB/s
0,0,Quadro GV100,7.0,850,1912,16384,80,16,0,16,512,5,0.008192 ms,8 GB/s
0,0,Quadro GV100,7.0,850,1912,16384,80,8,0,8,1024,5,0.009216 ms,7.11111 GB/s
0,0,Quadro GV100,7.0,850,1912,32768,80,160,2,256,64,5,0.007168 ms,18.2857 GB/s
1,0,Quadro GV100,7.0,850,1912,32768,80,256,3,256,64,5,0.008192 ms,16 GB/s
0,0,Quadro GV100,7.0,850,1912,32768,80,128,1,128,128,5,0.007168 ms,18.2857 GB/s
0,0,Quadro GV100,7.0,850,1912,32768,80,64,0,64,256,5,0.007168 ms,18.2857 GB/s
0,0,Quadro GV100,7.0,850,1912,32768,80,32,0,32,512,5,0.008192 ms,16 GB/s
0,0,Quadro GV100,7.0,850,1912,32768,80,16,0,16,1024,5,0.00912 ms,14.3719 GB/s
0,0,Quadro GV100,7.0,850,1912,65536,80,160,2,512,64,5,0.008192 ms,32 GB/s
1,0,Quadro GV100,7.0,850,1912,65536,80,320,4,512,64,5,0.007168 ms,36.5714 GB/s
2,0,Quadro GV100,7.0,850,1912,65536,80,512,6,512,64,5,0.008192 ms,32 GB/s
0,0,Quadro GV100,7.0,850,1912,65536,80,160,2,256,128,5,0.008192 ms,32 GB/s
1,0,Quadro GV100,7.0,850,1912,65536,80,256,3,256,128,5,0.00816 ms,32.1255 GB/s
0,0,Quadro GV100,7.0,850,1912,65536,80,128,1,128,256,5,0.00816 ms,32.1255 GB/s
0,0,Quadro GV100,7.0,850,1912,65536,80,64,0,64,512,5,0.008192 ms,32 GB/s
0,0,Quadro GV100,7.0,850,1912,65536,80,32,0,32,1024,5,0.009216 ms,28.4444 GB/s
0,0,Quadro GV100,7.0,850,1912,131072,80,160,2,1024,64,5,0.008192 ms,64 GB/s
1,0,Quadro GV100,7.0,850,1912,131072,80,320,4,1024,64,5,0.008192 ms,64 GB/s
2,0,Quadro GV100,7.0,850,1912,131072,80,640,8,1024,64,5,0.009088 ms,57.6901 GB/s
3,0,Quadro GV100,7.0,850,1912,131072,80,1024,12,1024,64,5,0.009216 ms,56.8889 GB/s
0,0,Quadro GV100,7.0,850,1912,131072,80,160,2,512,128,5,0.008192 ms,64 GB/s
1,0,Quadro GV100,7.0,850,1912,131072,80,320,4,512,128,5,0.008192 ms,64 GB/s
2,0,Quadro GV100,7.0,850,1912,131072,80,512,6,512,128,5,0.008192 ms,64 GB/s
0,0,Quadro GV100,7.0,850,1912,131072,80,160,2,256,256,5,0.008192 ms,64 GB/s
1,0,Quadro GV100,7.0,850,1912,131072,80,256,3,256,256,5,0.008192 ms,64 GB/s
0,0,Quadro GV100,7.0,850,1912,131072,80,128,1,128,512,5,0.008224 ms,63.751 GB/s
0,0,Quadro GV100,7.0,850,1912,131072,80,64,0,64,1024,5,0.009216 ms,56.8889 GB/s
0,0,Quadro GV100,7.0,850,1912,262144,80,160,2,2048,64,5,0.008192 ms,128 GB/s
1,0,Quadro GV100,7.0,850,1912,262144,80,320,4,2048,64,5,0.008192 ms,128 GB/s
2,0,Quadro GV100,7.0,850,1912,262144,80,640,8,2048,64,5,0.008192 ms,128 GB/s
3,0,Quadro GV100,7.0,850,1912,262144,80,1280,16,2048,64,5,0.0112 ms,93.6229 GB/s
4,0,Quadro GV100,7.0,850,1912,262144,80,2048,25,2048,64,5,0.012288 ms,85.3333 GB/s
0,0,Quadro GV100,7.0,850,1912,262144,80,160,2,1024,128,5,0.008192 ms,128 GB/s
1,0,Quadro GV100,7.0,850,1912,262144,80,320,4,1024,128,5,0.008192 ms,128 GB/s
2,0,Quadro GV100,7.0,850,1912,262144,80,640,8,1024,128,5,0.008192 ms,128 GB/s
3,0,Quadro GV100,7.0,850,1912,262144,80,1024,12,1024,128,5,0.010208 ms,102.721 GB/s
0,0,Quadro GV100,7.0,850,1912,262144,80,160,2,512,256,5,0.008192 ms,128 GB/s
1,0,Quadro GV100,7.0,850,1912,262144,80,320,4,512,256,5,0.009184 ms,114.174 GB/s
2,0,Quadro GV100,7.0,850,1912,262144,80,512,6,512,256,5,0.009216 ms,113.778 GB/s
0,0,Quadro GV100,7.0,850,1912,262144,80,160,2,256,512,5,0.009216 ms,113.778 GB/s
1,0,Quadro GV100,7.0,850,1912,262144,80,256,3,256,512,5,0.01024 ms,102.4 GB/s
0,0,Quadro GV100,7.0,850,1912,262144,80,128,1,128,1024,5,0.010272 ms,102.081 GB/s
0,0,Quadro GV100,7.0,850,1912,524288,80,160,2,4096,64,5,0.01024 ms,204.8 GB/s
1,0,Quadro GV100,7.0,850,1912,524288,80,320,4,4096,64,5,0.009216 ms,227.556 GB/s
2,0,Quadro GV100,7.0,850,1912,524288,80,640,8,4096,64,5,0.009216 ms,227.556 GB/s
3,0,Quadro GV100,7.0,850,1912,524288,80,1280,16,4096,64,5,0.010272 ms,204.162 GB/s
4,0,Quadro GV100,7.0,850,1912,524288,80,2560,32,4096,64,5,0.013312 ms,157.538 GB/s
5,0,Quadro GV100,7.0,850,1912,524288,80,4096,51,4096,64,5,0.017408 ms,120.471 GB/s
0,0,Quadro GV100,7.0,850,1912,524288,80,160,2,2048,128,5,0.009216 ms,227.556 GB/s
1,0,Quadro GV100,7.0,850,1912,524288,80,320,4,2048,128,5,0.008192 ms,256 GB/s
2,0,Quadro GV100,7.0,850,1912,524288,80,640,8,2048,128,5,0.009216 ms,227.556 GB/s
3,0,Quadro GV100,7.0,850,1912,524288,80,1280,16,2048,128,5,0.01024 ms,204.8 GB/s
4,0,Quadro GV100,7.0,850,1912,524288,80,2048,25,2048,128,5,0.011264 ms,186.182 GB/s
0,0,Quadro GV100,7.0,850,1912,524288,80,160,2,1024,256,5,0.009216 ms,227.556 GB/s
1,0,Quadro GV100,7.0,850,1912,524288,80,320,4,1024,256,5,0.00928 ms,225.986 GB/s
2,0,Quadro GV100,7.0,850,1912,524288,80,640,8,1024,256,5,0.011232 ms,186.712 GB/s
3,0,Quadro GV100,7.0,850,1912,524288,80,1024,12,1024,256,5,0.012288 ms,170.667 GB/s
0,0,Quadro GV100,7.0,850,1912,524288,80,160,2,512,512,5,0.009216 ms,227.556 GB/s
1,0,Quadro GV100,7.0,850,1912,524288,80,320,4,512,512,5,0.01024 ms,204.8 GB/s
2,0,Quadro GV100,7.0,850,1912,524288,80,512,6,512,512,5,0.012288 ms,170.667 GB/s
0,0,Quadro GV100,7.0,850,1912,524288,80,160,2,256,1024,5,0.011264 ms,186.182 GB/s
1,0,Quadro GV100,7.0,850,1912,524288,80,256,3,256,1024,5,0.014336 ms,146.286 GB/s
0,0,Quadro GV100,7.0,850,1912,1048576,80,160,2,8192,64,5,0.013312 ms,315.077 GB/s
1,0,Quadro GV100,7.0,850,1912,1048576,80,320,4,8192,64,5,0.011264 ms,372.364 GB/s
2,0,Quadro GV100,7.0,850,1912,1048576,80,640,8,8192,64,5,0.009216 ms,455.111 GB/s
3,0,Quadro GV100,7.0,850,1912,1048576,80,1280,16,8192,64,5,0.011296 ms,371.309 GB/s
4,0,Quadro GV100,7.0,850,1912,1048576,80,2560,32,8192,64,5,0.013312 ms,315.077 GB/s
5,0,Quadro GV100,7.0,850,1912,1048576,80,5120,64,8192,64,5,0.019456 ms,215.579 GB/s
6,0,Quadro GV100,7.0,850,1912,1048576,80,8192,102,8192,64,5,0.0256 ms,163.84 GB/s
0,0,Quadro GV100,7.0,850,1912,1048576,80,160,2,4096,128,5,0.011264 ms,372.364 GB/s
1,0,Quadro GV100,7.0,850,1912,1048576,80,320,4,4096,128,5,0.009312 ms,450.419 GB/s
2,0,Quadro GV100,7.0,850,1912,1048576,80,640,8,4096,128,5,0.009216 ms,455.111 GB/s
3,0,Quadro GV100,7.0,850,1912,1048576,80,1280,16,4096,128,5,0.011264 ms,372.364 GB/s
4,0,Quadro GV100,7.0,850,1912,1048576,80,2560,32,4096,128,5,0.013312 ms,315.077 GB/s
5,0,Quadro GV100,7.0,850,1912,1048576,80,4096,51,4096,128,5,0.016384 ms,256 GB/s
0,0,Quadro GV100,7.0,850,1912,1048576,80,160,2,2048,256,5,0.01024 ms,409.6 GB/s
1,0,Quadro GV100,7.0,850,1912,1048576,80,320,4,2048,256,5,0.01024 ms,409.6 GB/s
2,0,Quadro GV100,7.0,850,1912,1048576,80,640,8,2048,256,5,0.011264 ms,372.364 GB/s
3,0,Quadro GV100,7.0,850,1912,1048576,80,1280,16,2048,256,5,0.013312 ms,315.077 GB/s
4,0,Quadro GV100,7.0,850,1912,1048576,80,2048,25,2048,256,5,0.016384 ms,256 GB/s
0,0,Quadro GV100,7.0,850,1912,1048576,80,160,2,1024,512,5,0.01024 ms,409.6 GB/s
1,0,Quadro GV100,7.0,850,1912,1048576,80,320,4,1024,512,5,0.012192 ms,344.021 GB/s
2,0,Quadro GV100,7.0,850,1912,1048576,80,640,8,1024,512,5,0.014336 ms,292.571 GB/s
3,0,Quadro GV100,7.0,850,1912,1048576,80,1024,12,1024,512,5,0.0184 ms,227.951 GB/s
0,0,Quadro GV100,7.0,850,1912,1048576,80,160,2,512,1024,5,0.011264 ms,372.364 GB/s
1,0,Quadro GV100,7.0,850,1912,1048576,80,320,4,512,1024,5,0.01536 ms,273.067 GB/s
2,0,Quadro GV100,7.0,850,1912,1048576,80,512,6,512,1024,5,0.02048 ms,204.8 GB/s
0,0,Quadro GV100,7.0,850,1912,2097152,80,160,2,16384,64,5,0.032832 ms,255.501 GB/s
1,0,Quadro GV100,7.0,850,1912,2097152,80,320,4,16384,64,5,0.024576 ms,341.333 GB/s
2,0,Quadro GV100,7.0,850,1912,2097152,80,640,8,16384,64,5,0.0216 ms,388.361 GB/s
3,0,Quadro GV100,7.0,850,1912,2097152,80,1280,16,16384,64,5,0.021536 ms,389.516 GB/s
4,0,Quadro GV100,7.0,850,1912,2097152,80,2560,32,16384,64,5,0.023552 ms,356.174 GB/s
5,0,Quadro GV100,7.0,850,1912,2097152,80,5120,64,16384,64,5,0.0256 ms,327.68 GB/s
6,0,Quadro GV100,7.0,850,1912,2097152,80,10240,128,16384,64,5,0.032768 ms,256 GB/s
7,0,Quadro GV100,7.0,850,1912,2097152,80,16384,204,16384,64,5,0.047104 ms,178.087 GB/s
0,0,Quadro GV100,7.0,850,1912,2097152,80,160,2,8192,128,5,0.024576 ms,341.333 GB/s
1,0,Quadro GV100,7.0,850,1912,2097152,80,320,4,8192,128,5,0.021504 ms,390.095 GB/s
2,0,Quadro GV100,7.0,850,1912,2097152,80,640,8,8192,128,5,0.020512 ms,408.961 GB/s
3,0,Quadro GV100,7.0,850,1912,2097152,80,1280,16,8192,128,5,0.021504 ms,390.095 GB/s
4,0,Quadro GV100,7.0,850,1912,2097152,80,2560,32,8192,128,5,0.024576 ms,341.333 GB/s
5,0,Quadro GV100,7.0,850,1912,2097152,80,5120,64,8192,128,5,0.026624 ms,315.077 GB/s
6,0,Quadro GV100,7.0,850,1912,2097152,80,8192,102,8192,128,5,0.028672 ms,292.571 GB/s
0,0,Quadro GV100,7.0,850,1912,2097152,80,160,2,4096,256,5,0.022528 ms,372.364 GB/s
1,0,Quadro GV100,7.0,850,1912,2097152,80,320,4,4096,256,5,0.021504 ms,390.095 GB/s
2,0,Quadro GV100,7.0,850,1912,2097152,80,640,8,4096,256,5,0.022496 ms,372.893 GB/s
3,0,Quadro GV100,7.0,850,1912,2097152,80,1280,16,4096,256,5,0.024576 ms,341.333 GB/s
4,0,Quadro GV100,7.0,850,1912,2097152,80,2560,32,4096,256,5,0.0256 ms,327.68 GB/s
5,0,Quadro GV100,7.0,850,1912,2097152,80,4096,51,4096,256,5,0.026656 ms,314.699 GB/s
0,0,Quadro GV100,7.0,850,1912,2097152,80,160,2,2048,512,5,0.021504 ms,390.095 GB/s
1,0,Quadro GV100,7.0,850,1912,2097152,80,320,4,2048,512,5,0.022624 ms,370.784 GB/s
2,0,Quadro GV100,7.0,850,1912,2097152,80,640,8,2048,512,5,0.025568 ms,328.09 GB/s
3,0,Quadro GV100,7.0,850,1912,2097152,80,1280,16,2048,512,5,0.026624 ms,315.077 GB/s
4,0,Quadro GV100,7.0,850,1912,2097152,80,2048,25,2048,512,5,0.029696 ms,282.483 GB/s
0,0,Quadro GV100,7.0,850,1912,2097152,80,160,2,1024,1024,5,0.02352 ms,356.659 GB/s
1,0,Quadro GV100,7.0,850,1912,2097152,80,320,4,1024,1024,5,0.0256 ms,327.68 GB/s
2,0,Quadro GV100,7.0,850,1912,2097152,80,640,8,1024,1024,5,0.029664 ms,282.787 GB/s
3,0,Quadro GV100,7.0,850,1912,2097152,80,1024,12,1024,1024,5,0.034816 ms,240.941 GB/s
0,0,Quadro GV100,7.0,850,1912,4194304,80,160,2,32768,64,5,0.058368 ms,287.439 GB/s
1,0,Quadro GV100,7.0,850,1912,4194304,80,320,4,32768,64,5,0.039936 ms,420.103 GB/s
2,0,Quadro GV100,7.0,850,1912,4194304,80,640,8,32768,64,5,0.034816 ms,481.882 GB/s
3,0,Quadro GV100,7.0,850,1912,4194304,80,1280,16,32768,64,5,0.034816 ms,481.882 GB/s
4,0,Quadro GV100,7.0,850,1912,4194304,80,2560,32,32768,64,5,0.03584 ms,468.114 GB/s
5,0,Quadro GV100,7.0,850,1912,4194304,80,5120,64,32768,64,5,0.040928 ms,409.92 GB/s
6,0,Quadro GV100,7.0,850,1912,4194304,80,10240,128,32768,64,5,0.047104 ms,356.174 GB/s
7,0,Quadro GV100,7.0,850,1912,4194304,80,20480,256,32768,64,5,0.064512 ms,260.063 GB/s
8,0,Quadro GV100,7.0,850,1912,4194304,80,32768,409,32768,64,5,0.09728 ms,172.463 GB/s
0,0,Quadro GV100,7.0,850,1912,4194304,80,160,2,16384,128,5,0.039968 ms,419.766 GB/s
1,0,Quadro GV100,7.0,850,1912,4194304,80,320,4,16384,128,5,0.034816 ms,481.882 GB/s
2,0,Quadro GV100,7.0,850,1912,4194304,80,640,8,16384,128,5,0.033792 ms,496.485 GB/s
3,0,Quadro GV100,7.0,850,1912,4194304,80,1280,16,16384,128,5,0.034816 ms,481.882 GB/s
4,0,Quadro GV100,7.0,850,1912,4194304,80,2560,32,16384,128,5,0.03584 ms,468.114 GB/s
5,0,Quadro GV100,7.0,850,1912,4194304,80,5120,64,16384,128,5,0.040928 ms,409.92 GB/s
6,0,Quadro GV100,7.0,850,1912,4194304,80,10240,128,16384,128,5,0.044032 ms,381.023 GB/s
7,0,Quadro GV100,7.0,850,1912,4194304,80,16384,204,16384,128,5,0.050176 ms,334.367 GB/s
0,0,Quadro GV100,7.0,850,1912,4194304,80,160,2,8192,256,5,0.034816 ms,481.882 GB/s
1,0,Quadro GV100,7.0,850,1912,4194304,80,320,4,8192,256,5,0.034816 ms,481.882 GB/s
2,0,Quadro GV100,7.0,850,1912,4194304,80,640,8,8192,256,5,0.034816 ms,481.882 GB/s
3,0,Quadro GV100,7.0,850,1912,4194304,80,1280,16,8192,256,5,0.035776 ms,468.952 GB/s
4,0,Quadro GV100,7.0,850,1912,4194304,80,2560,32,8192,256,5,0.038912 ms,431.158 GB/s
5,0,Quadro GV100,7.0,850,1912,4194304,80,5120,64,8192,256,5,0.041984 ms,399.61 GB/s
6,0,Quadro GV100,7.0,850,1912,4194304,80,8192,102,8192,256,5,0.04608 ms,364.089 GB/s
0,0,Quadro GV100,7.0,850,1912,4194304,80,160,2,4096,512,5,0.034816 ms,481.882 GB/s
1,0,Quadro GV100,7.0,850,1912,4194304,80,320,4,4096,512,5,0.034816 ms,481.882 GB/s
2,0,Quadro GV100,7.0,850,1912,4194304,80,640,8,4096,512,5,0.03584 ms,468.114 GB/s
3,0,Quadro GV100,7.0,850,1912,4194304,80,1280,16,4096,512,5,0.04096 ms,409.6 GB/s
4,0,Quadro GV100,7.0,850,1912,4194304,80,2560,32,4096,512,5,0.043008 ms,390.095 GB/s
5,0,Quadro GV100,7.0,850,1912,4194304,80,4096,51,4096,512,5,0.050176 ms,334.367 GB/s
0,0,Quadro GV100,7.0,850,1912,4194304,80,160,2,2048,1024,5,0.03584 ms,468.114 GB/s
1,0,Quadro GV100,7.0,850,1912,4194304,80,320,4,2048,1024,5,0.037888 ms,442.811 GB/s
2,0,Quadro GV100,7.0,850,1912,4194304,80,640,8,2048,1024,5,0.044032 ms,381.023 GB/s
3,0,Quadro GV100,7.0,850,1912,4194304,80,1280,16,2048,1024,5,0.049152 ms,341.333 GB/s
4,0,Quadro GV100,7.0,850,1912,4194304,80,2048,25,2048,1024,5,0.060352 ms,277.989 GB/s
0,0,Quadro GV100,7.0,850,1912,8388608,80,160,2,65536,64,5,0.108576 ms,309.041 GB/s
1,0,Quadro GV100,7.0,850,1912,8388608,80,320,4,65536,64,5,0.072704 ms,461.521 GB/s
2,0,Quadro GV100,7.0,850,1912,8388608,80,640,8,65536,64,5,0.06144 ms,546.133 GB/s
3,0,Quadro GV100,7.0,850,1912,8388608,80,1280,16,65536,64,5,0.060416 ms,555.39 GB/s
4,0,Quadro GV100,7.0,850,1912,8388608,80,2560,32,65536,64,5,0.063488 ms,528.516 GB/s
5,0,Quadro GV100,7.0,850,1912,8388608,80,5120,64,65536,64,5,0.065536 ms,512 GB/s
6,0,Quadro GV100,7.0,850,1912,8388608,80,10240,128,65536,64,5,0.073728 ms,455.111 GB/s
7,0,Quadro GV100,7.0,850,1912,8388608,80,20480,256,65536,64,5,0.090112 ms,372.364 GB/s
8,0,Quadro GV100,7.0,850,1912,8388608,80,40960,512,65536,64,5,0.130048 ms,258.016 GB/s
9,0,Quadro GV100,7.0,850,1912,8388608,80,65536,819,65536,64,5,0.197632 ms,169.782 GB/s
0,0,Quadro GV100,7.0,850,1912,8388608,80,160,2,32768,128,5,0.072704 ms,461.521 GB/s
1,0,Quadro GV100,7.0,850,1912,8388608,80,320,4,32768,128,5,0.061408 ms,546.418 GB/s
2,0,Quadro GV100,7.0,850,1912,8388608,80,640,8,32768,128,5,0.059392 ms,564.966 GB/s
3,0,Quadro GV100,7.0,850,1912,8388608,80,1280,16,32768,128,5,0.060416 ms,555.39 GB/s
4,0,Quadro GV100,7.0,850,1912,8388608,80,2560,32,32768,128,5,0.06144 ms,546.133 GB/s
5,0,Quadro GV100,7.0,850,1912,8388608,80,5120,64,32768,128,5,0.062464 ms,537.18 GB/s
6,0,Quadro GV100,7.0,850,1912,8388608,80,10240,128,32768,128,5,0.070656 ms,474.899 GB/s
7,0,Quadro GV100,7.0,850,1912,8388608,80,20480,256,32768,128,5,0.081824 ms,410.081 GB/s
8,0,Quadro GV100,7.0,850,1912,8388608,80,32768,409,32768,128,5,0.09728 ms,344.926 GB/s
0,0,Quadro GV100,7.0,850,1912,8388608,80,160,2,16384,256,5,0.06144 ms,546.133 GB/s
1,0,Quadro GV100,7.0,850,1912,8388608,80,320,4,16384,256,5,0.06032 ms,556.274 GB/s
2,0,Quadro GV100,7.0,850,1912,8388608,80,640,8,16384,256,5,0.059392 ms,564.966 GB/s
3,0,Quadro GV100,7.0,850,1912,8388608,80,1280,16,16384,256,5,0.06144 ms,546.133 GB/s
4,0,Quadro GV100,7.0,850,1912,8388608,80,2560,32,16384,256,5,0.060448 ms,555.096 GB/s
5,0,Quadro GV100,7.0,850,1912,8388608,80,5120,64,16384,256,5,0.065536 ms,512 GB/s
6,0,Quadro GV100,7.0,850,1912,8388608,80,10240,128,16384,256,5,0.072704 ms,461.521 GB/s
7,0,Quadro GV100,7.0,850,1912,8388608,80,16384,204,16384,256,5,0.084992 ms,394.795 GB/s
0,0,Quadro GV100,7.0,850,1912,8388608,80,160,2,8192,512,5,0.060352 ms,555.979 GB/s
1,0,Quadro GV100,7.0,850,1912,8388608,80,320,4,8192,512,5,0.060416 ms,555.39 GB/s
2,0,Quadro GV100,7.0,850,1912,8388608,80,640,8,8192,512,5,0.062464 ms,537.18 GB/s
3,0,Quadro GV100,7.0,850,1912,8388608,80,1280,16,8192,512,5,0.062464 ms,537.18 GB/s
4,0,Quadro GV100,7.0,850,1912,8388608,80,2560,32,8192,512,5,0.066528 ms,504.366 GB/s
5,0,Quadro GV100,7.0,850,1912,8388608,80,5120,64,8192,512,5,0.075776 ms,442.811 GB/s
6,0,Quadro GV100,7.0,850,1912,8388608,80,8192,102,8192,512,5,0.09216 ms,364.089 GB/s
0,0,Quadro GV100,7.0,850,1912,8388608,80,160,2,4096,1024,5,0.06144 ms,546.133 GB/s
1,0,Quadro GV100,7.0,850,1912,8388608,80,320,4,4096,1024,5,0.063488 ms,528.516 GB/s
2,0,Quadro GV100,7.0,850,1912,8388608,80,640,8,4096,1024,5,0.064512 ms,520.127 GB/s
3,0,Quadro GV100,7.0,850,1912,8388608,80,1280,16,4096,1024,5,0.068608 ms,489.075 GB/s
4,0,Quadro GV100,7.0,850,1912,8388608,80,2560,32,4096,1024,5,0.083968 ms,399.61 GB/s
5,0,Quadro GV100,7.0,850,1912,8388608,80,4096,51,4096,1024,5,0.110592 ms,303.407 GB/s
0,0,Quadro GV100,7.0,850,1912,16777216,80,160,2,131072,64,5,0.207872 ms,322.837 GB/s
1,0,Quadro GV100,7.0,850,1912,16777216,80,320,4,131072,64,5,0.137216 ms,489.075 GB/s
2,0,Quadro GV100,7.0,850,1912,16777216,80,640,8,131072,64,5,0.114688 ms,585.143 GB/s
3,0,Quadro GV100,7.0,850,1912,16777216,80,1280,16,131072,64,5,0.111616 ms,601.248 GB/s
4,0,Quadro GV100,7.0,850,1912,16777216,80,2560,32,131072,64,5,0.116736 ms,574.877 GB/s
5,0,Quadro GV100,7.0,850,1912,16777216,80,5120,64,131072,64,5,0.119808 ms,560.137 GB/s
6,0,Quadro GV100,7.0,850,1912,16777216,80,10240,128,131072,64,5,0.125952 ms,532.813 GB/s
7,0,Quadro GV100,7.0,850,1912,16777216,80,20480,256,131072,64,5,0.140352 ms,478.147 GB/s
8,0,Quadro GV100,7.0,850,1912,16777216,80,40960,512,131072,64,5,0.17616 ms,380.954 GB/s
9,0,Quadro GV100,7.0,850,1912,16777216,80,81920,1024,131072,64,5,0.259072 ms,259.036 GB/s
10,0,Quadro GV100,7.0,850,1912,16777216,80,131072,1638,131072,64,5,0.398336 ms,168.473 GB/s
0,0,Quadro GV100,7.0,850,1912,16777216,80,160,2,65536,128,5,0.13824 ms,485.452 GB/s
1,0,Quadro GV100,7.0,850,1912,16777216,80,320,4,65536,128,5,0.114624 ms,585.47 GB/s
2,0,Quadro GV100,7.0,850,1912,16777216,80,640,8,65536,128,5,0.110592 ms,606.815 GB/s
3,0,Quadro GV100,7.0,850,1912,16777216,80,1280,16,65536,128,5,0.110592 ms,606.815 GB/s
4,0,Quadro GV100,7.0,850,1912,16777216,80,2560,32,65536,128,5,0.113664 ms,590.414 GB/s
5,0,Quadro GV100,7.0,850,1912,16777216,80,5120,64,65536,128,5,0.114688 ms,585.143 GB/s
6,0,Quadro GV100,7.0,850,1912,16777216,80,10240,128,65536,128,5,0.118784 ms,564.966 GB/s
7,0,Quadro GV100,7.0,850,1912,16777216,80,20480,256,65536,128,5,0.134144 ms,500.275 GB/s
8,0,Quadro GV100,7.0,850,1912,16777216,80,40960,512,65536,128,5,0.157696 ms,425.558 GB/s
9,0,Quadro GV100,7.0,850,1912,16777216,80,65536,819,65536,128,5,0.186368 ms,360.088 GB/s
0,0,Quadro GV100,7.0,850,1912,16777216,80,160,2,32768,256,5,0.11776 ms,569.878 GB/s
1,0,Quadro GV100,7.0,850,1912,16777216,80,320,4,32768,256,5,0.111616 ms,601.248 GB/s
2,0,Quadro GV100,7.0,850,1912,16777216,80,640,8,32768,256,5,0.109568 ms,612.486 GB/s
3,0,Quadro GV100,7.0,850,1912,16777216,80,1280,16,32768,256,5,0.11264 ms,595.782 GB/s
4,0,Quadro GV100,7.0,850,1912,16777216,80,2560,32,32768,256,5,0.112768 ms,595.106 GB/s
5,0,Quadro GV100,7.0,850,1912,16777216,80,5120,64,32768,256,5,0.113632 ms,590.581 GB/s
6,0,Quadro GV100,7.0,850,1912,16777216,80,10240,128,32768,256,5,0.12288 ms,546.133 GB/s
7,0,Quadro GV100,7.0,850,1912,16777216,80,20480,256,32768,256,5,0.137216 ms,489.075 GB/s
8,0,Quadro GV100,7.0,850,1912,16777216,80,32768,409,32768,256,5,0.160768 ms,417.427 GB/s
0,0,Quadro GV100,7.0,850,1912,16777216,80,160,2,16384,512,5,0.110592 ms,606.815 GB/s
1,0,Quadro GV100,7.0,850,1912,16777216,80,320,4,16384,512,5,0.110592 ms,606.815 GB/s
2,0,Quadro GV100,7.0,850,1912,16777216,80,640,8,16384,512,5,0.11264 ms,595.782 GB/s
3,0,Quadro GV100,7.0,850,1912,16777216,80,1280,16,16384,512,5,0.113696 ms,590.248 GB/s
4,0,Quadro GV100,7.0,850,1912,16777216,80,2560,32,16384,512,5,0.11264 ms,595.782 GB/s
5,0,Quadro GV100,7.0,850,1912,16777216,80,5120,64,16384,512,5,0.132 ms,508.4 GB/s
6,0,Quadro GV100,7.0,850,1912,16777216,80,10240,128,16384,512,5,0.14336 ms,468.114 GB/s
7,0,Quadro GV100,7.0,850,1912,16777216,80,16384,204,16384,512,5,0.175104 ms,383.251 GB/s
0,0,Quadro GV100,7.0,850,1912,16777216,80,160,2,8192,1024,5,0.111616 ms,601.248 GB/s
1,0,Quadro GV100,7.0,850,1912,16777216,80,320,4,8192,1024,5,0.114624 ms,585.47 GB/s
2,0,Quadro GV100,7.0,850,1912,16777216,80,640,8,8192,1024,5,0.11776 ms,569.878 GB/s
3,0,Quadro GV100,7.0,850,1912,16777216,80,1280,16,8192,1024,5,0.11776 ms,569.878 GB/s
4,0,Quadro GV100,7.0,850,1912,16777216,80,2560,32,8192,1024,5,0.137216 ms,489.075 GB/s
5,0,Quadro GV100,7.0,850,1912,16777216,80,5120,64,8192,1024,5,0.156704 ms,428.252 GB/s
6,0,Quadro GV100,7.0,850,1912,16777216,80,8192,102,8192,1024,5,0.20992 ms,319.688 GB/s
0,0,Quadro GV100,7.0,850,1912,33554432,80,160,2,262144,64,5,0.410624 ms,326.863 GB/s
1,0,Quadro GV100,7.0,850,1912,33554432,80,320,4,262144,64,5,0.27136 ms,494.611 GB/s
2,0,Quadro GV100,7.0,850,1912,33554432,80,640,8,262144,64,5,0.22528 ms,595.782 GB/s
3,0,Quadro GV100,7.0,850,1912,33554432,80,1280,16,262144,64,5,0.214016 ms,627.139 GB/s
4,0,Quadro GV100,7.0,850,1912,33554432,80,2560,32,262144,64,5,0.223232 ms,601.248 GB/s
5,0,Quadro GV100,7.0,850,1912,33554432,80,5120,64,262144,64,5,0.224256 ms,598.502 GB/s
6,0,Quadro GV100,7.0,850,1912,33554432,80,10240,128,262144,64,5,0.231424 ms,579.965 GB/s
7,0,Quadro GV100,7.0,850,1912,33554432,80,20480,256,262144,64,5,0.241664 ms,555.39 GB/s
8,0,Quadro GV100,7.0,850,1912,33554432,80,40960,512,262144,64,5,0.274432 ms,489.075 GB/s
9,0,Quadro GV100,7.0,850,1912,33554432,80,81920,1024,262144,64,5,0.347136 ms,386.643 GB/s
10,0,Quadro GV100,7.0,850,1912,33554432,80,163840,2048,262144,64,5,0.516096 ms,260.063 GB/s
11,0,Quadro GV100,7.0,850,1912,33554432,80,262144,3276,262144,64,5,0.796672 ms,168.473 GB/s
0,0,Quadro GV100,7.0,850,1912,33554432,80,160,2,131072,128,5,0.270336 ms,496.485 GB/s
1,0,Quadro GV100,7.0,850,1912,33554432,80,320,4,131072,128,5,0.226304 ms,593.086 GB/s
2,0,Quadro GV100,7.0,850,1912,33554432,80,640,8,131072,128,5,0.212992 ms,630.154 GB/s
3,0,Quadro GV100,7.0,850,1912,33554432,80,1280,16,131072,128,5,0.211968 ms,633.198 GB/s
4,0,Quadro GV100,7.0,850,1912,33554432,80,2560,32,131072,128,5,0.214016 ms,627.139 GB/s
5,0,Quadro GV100,7.0,850,1912,33554432,80,5120,64,131072,128,5,0.216064 ms,621.194 GB/s
6,0,Quadro GV100,7.0,850,1912,33554432,80,10240,128,131072,128,5,0.22016 ms,609.637 GB/s
7,0,Quadro GV100,7.0,850,1912,33554432,80,20480,256,131072,128,5,0.227296 ms,590.498 GB/s
8,0,Quadro GV100,7.0,850,1912,33554432,80,40960,512,131072,128,5,0.260096 ms,516.031 GB/s
9,0,Quadro GV100,7.0,850,1912,33554432,80,81920,1024,131072,128,5,0.303104 ms,442.811 GB/s
10,0,Quadro GV100,7.0,850,1912,33554432,80,131072,1638,131072,128,5,0.371712 ms,361.08 GB/s
0,0,Quadro GV100,7.0,850,1912,33554432,80,160,2,65536,256,5,0.227264 ms,590.581 GB/s
1,0,Quadro GV100,7.0,850,1912,33554432,80,320,4,65536,256,5,0.212992 ms,630.154 GB/s
2,0,Quadro GV100,7.0,850,1912,33554432,80,640,8,65536,256,5,0.211968 ms,633.198 GB/s
3,0,Quadro GV100,7.0,850,1912,33554432,80,1280,16,65536,256,5,0.212992 ms,630.154 GB/s
4,0,Quadro GV100,7.0,850,1912,33554432,80,2560,32,65536,256,5,0.214016 ms,627.139 GB/s
5,0,Quadro GV100,7.0,850,1912,33554432,80,5120,64,65536,256,5,0.21504 ms,624.152 GB/s
6,0,Quadro GV100,7.0,850,1912,33554432,80,10240,128,65536,256,5,0.215136 ms,623.874 GB/s
7,0,Quadro GV100,7.0,850,1912,33554432,80,20480,256,65536,256,5,0.242688 ms,553.046 GB/s
8,0,Quadro GV100,7.0,850,1912,33554432,80,40960,512,65536,256,5,0.26416 ms,508.093 GB/s
9,0,Quadro GV100,7.0,850,1912,33554432,80,65536,819,65536,256,5,0.31744 ms,422.813 GB/s
0,0,Quadro GV100,7.0,850,1912,33554432,80,160,2,32768,512,5,0.214016 ms,627.139 GB/s
1,0,Quadro GV100,7.0,850,1912,33554432,80,320,4,32768,512,5,0.211968 ms,633.198 GB/s
2,0,Quadro GV100,7.0,850,1912,33554432,80,640,8,32768,512,5,0.214016 ms,627.139 GB/s
3,0,Quadro GV100,7.0,850,1912,33554432,80,1280,16,32768,512,5,0.21504 ms,624.152 GB/s
4,0,Quadro GV100,7.0,850,1912,33554432,80,2560,32,32768,512,5,0.21504 ms,624.152 GB/s
5,0,Quadro GV100,7.0,850,1912,33554432,80,5120,64,32768,512,5,0.214016 ms,627.139 GB/s
6,0,Quadro GV100,7.0,850,1912,33554432,80,10240,128,32768,512,5,0.244736 ms,548.418 GB/s
7,0,Quadro GV100,7.0,850,1912,33554432,80,20480,256,32768,512,5,0.269312 ms,498.373 GB/s
8,0,Quadro GV100,7.0,850,1912,33554432,80,32768,409,32768,512,5,0.340992 ms,393.61 GB/s
0,0,Quadro GV100,7.0,850,1912,33554432,80,160,2,16384,1024,5,0.212064 ms,632.911 GB/s
1,0,Quadro GV100,7.0,850,1912,33554432,80,320,4,16384,1024,5,0.215136 ms,623.874 GB/s
2,0,Quadro GV100,7.0,850,1912,33554432,80,640,8,16384,1024,5,0.219136 ms,612.486 GB/s
3,0,Quadro GV100,7.0,850,1912,33554432,80,1280,16,16384,1024,5,0.22016 ms,609.637 GB/s
4,0,Quadro GV100,7.0,850,1912,33554432,80,2560,32,16384,1024,5,0.22112 ms,606.99 GB/s
5,0,Quadro GV100,7.0,850,1912,33554432,80,5120,64,16384,1024,5,0.251904 ms,532.813 GB/s
6,0,Quadro GV100,7.0,850,1912,33554432,80,10240,128,16384,1024,5,0.301056 ms,445.823 GB/s
7,0,Quadro GV100,7.0,850,1912,33554432,80,16384,204,16384,1024,5,0.407584 ms,329.301 GB/s
0,0,Quadro GV100,7.0,850,1912,67108864,80,160,2,524288,64,5,0.821248 ms,326.863 GB/s
1,0,Quadro GV100,7.0,850,1912,67108864,80,320,4,524288,64,5,0.539584 ms,497.486 GB/s
2,0,Quadro GV100,7.0,850,1912,67108864,80,640,8,524288,64,5,0.452608 ms,593.086 GB/s
3,0,Quadro GV100,7.0,850,1912,67108864,80,1280,16,524288,64,5,0.425984 ms,630.154 GB/s
4,0,Quadro GV100,7.0,850,1912,67108864,80,2560,32,524288,64,5,0.43824 ms,612.531 GB/s
5,0,Quadro GV100,7.0,850,1912,67108864,80,5120,64,524288,64,5,0.43936 ms,610.969 GB/s
6,0,Quadro GV100,7.0,850,1912,67108864,80,10240,128,524288,64,5,0.442368 ms,606.815 GB/s
7,0,Quadro GV100,7.0,850,1912,67108864,80,20480,256,524288,64,5,0.451584 ms,594.431 GB/s
8,0,Quadro GV100,7.0,850,1912,67108864,80,40960,512,524288,64,5,0.484352 ms,554.216 GB/s
9,0,Quadro GV100,7.0,850,1912,67108864,80,81920,1024,524288,64,5,0.545792 ms,491.827 GB/s
10,0,Quadro GV100,7.0,850,1912,67108864,80,163840,2048,524288,64,5,0.692224 ms,387.787 GB/s
11,0,Quadro GV100,7.0,850,1912,67108864,80,327680,4096,524288,64,5,1.03936 ms,258.27 GB/s
12,0,Quadro GV100,7.0,850,1912,67108864,80,524288,6553,524288,64,5,1.60051 ms,167.718 GB/s
0,0,Quadro GV100,7.0,850,1912,67108864,80,160,2,262144,128,5,0.536576 ms,500.275 GB/s
1,0,Quadro GV100,7.0,850,1912,67108864,80,320,4,262144,128,5,0.454656 ms,590.414 GB/s
2,0,Quadro GV100,7.0,850,1912,67108864,80,640,8,262144,128,5,0.421984 ms,636.127 GB/s
3,0,Quadro GV100,7.0,850,1912,67108864,80,1280,16,262144,128,5,0.416768 ms,644.088 GB/s
4,0,Quadro GV100,7.0,850,1912,67108864,80,2560,32,262144,128,5,0.4168 ms,644.039 GB/s
5,0,Quadro GV100,7.0,850,1912,67108864,80,5120,64,262144,128,5,0.419904 ms,639.278 GB/s
6,0,Quadro GV100,7.0,850,1912,67108864,80,10240,128,262144,128,5,0.423936 ms,633.198 GB/s
7,0,Quadro GV100,7.0,850,1912,67108864,80,20480,256,262144,128,5,0.431104 ms,622.67 GB/s
8,0,Quadro GV100,7.0,850,1912,67108864,80,40960,512,262144,128,5,0.447488 ms,599.872 GB/s
9,0,Quadro GV100,7.0,850,1912,67108864,80,81920,1024,262144,128,5,0.52224 ms,514.008 GB/s
10,0,Quadro GV100,7.0,850,1912,67108864,80,163840,2048,262144,128,5,0.606144 ms,442.858 GB/s
11,0,Quadro GV100,7.0,850,1912,67108864,80,262144,3276,262144,128,5,0.735328 ms,365.055 GB/s
0,0,Quadro GV100,7.0,850,1912,67108864,80,160,2,131072,256,5,0.461824 ms,581.251 GB/s
1,0,Quadro GV100,7.0,850,1912,67108864,80,320,4,131072,256,5,0.421888 ms,636.272 GB/s
2,0,Quadro GV100,7.0,850,1912,67108864,80,640,8,131072,256,5,0.413696 ms,648.871 GB/s
3,0,Quadro GV100,7.0,850,1912,67108864,80,1280,16,131072,256,5,0.41472 ms,647.269 GB/s
4,0,Quadro GV100,7.0,850,1912,67108864,80,2560,32,131072,256,5,0.415744 ms,645.675 GB/s
5,0,Quadro GV100,7.0,850,1912,67108864,80,5120,64,131072,256,5,0.418816 ms,640.939 GB/s
6,0,Quadro GV100,7.0,850,1912,67108864,80,10240,128,131072,256,5,0.41984 ms,639.376 GB/s
7,0,Quadro GV100,7.0,850,1912,67108864,80,20480,256,131072,256,5,0.421888 ms,636.272 GB/s
8,0,Quadro GV100,7.0,850,1912,67108864,80,40960,512,131072,256,5,0.48128 ms,557.753 GB/s
9,0,Quadro GV100,7.0,850,1912,67108864,80,81920,1024,131072,256,5,0.520192 ms,516.031 GB/s
10,0,Quadro GV100,7.0,850,1912,67108864,80,131072,1638,131072,256,5,0.621568 ms,431.868 GB/s
0,0,Quadro GV100,7.0,850,1912,67108864,80,160,2,65536,512,5,0.426048 ms,630.059 GB/s
1,0,Quadro GV100,7.0,850,1912,67108864,80,320,4,65536,512,5,0.414816 ms,647.119 GB/s
2,0,Quadro GV100,7.0,850,1912,67108864,80,640,8,65536,512,5,0.416768 ms,644.088 GB/s
3,0,Quadro GV100,7.0,850,1912,67108864,80,1280,16,65536,512,5,0.418816 ms,640.939 GB/s
4,0,Quadro GV100,7.0,850,1912,67108864,80,2560,32,65536,512,5,0.41984 ms,639.376 GB/s
5,0,Quadro GV100,7.0,850,1912,67108864,80,5120,64,65536,512,5,0.41984 ms,639.376 GB/s
6,0,Quadro GV100,7.0,850,1912,67108864,80,10240,128,65536,512,5,0.41984 ms,639.376 GB/s
7,0,Quadro GV100,7.0,850,1912,67108864,80,20480,256,65536,512,5,0.497792 ms,539.252 GB/s
8,0,Quadro GV100,7.0,850,1912,67108864,80,40960,512,65536,512,5,0.539648 ms,497.427 GB/s
9,0,Quadro GV100,7.0,850,1912,67108864,80,65536,819,65536,512,5,0.669696 ms,400.832 GB/s
0,0,Quadro GV100,7.0,850,1912,67108864,80,160,2,32768,1024,5,0.415744 ms,645.675 GB/s
1,0,Quadro GV100,7.0,850,1912,67108864,80,320,4,32768,1024,5,0.417792 ms,642.51 GB/s
2,0,Quadro GV100,7.0,850,1912,67108864,80,640,8,32768,1024,5,0.418816 ms,640.939 GB/s
3,0,Quadro GV100,7.0,850,1912,67108864,80,1280,16,32768,1024,5,0.422912 ms,634.731 GB/s
4,0,Quadro GV100,7.0,850,1912,67108864,80,2560,32,32768,1024,5,0.425984 ms,630.154 GB/s
5,0,Quadro GV100,7.0,850,1912,67108864,80,5120,64,32768,1024,5,0.427008 ms,628.643 GB/s
6,0,Quadro GV100,7.0,850,1912,67108864,80,10240,128,32768,1024,5,0.497632 ms,539.426 GB/s
7,0,Quadro GV100,7.0,850,1912,67108864,80,20480,256,32768,1024,5,0.59392 ms,451.972 GB/s
8,0,Quadro GV100,7.0,850,1912,67108864,80,32768,409,32768,1024,5,0.804864 ms,333.517 GB/s
0,0,Quadro GV100,7.0,850,1912,134217728,80,160,2,1048576,64,5,1.65171 ms,325.039 GB/s
1,0,Quadro GV100,7.0,850,1912,134217728,80,320,4,1048576,64,5,1.07622 ms,498.847 GB/s
2,0,Quadro GV100,7.0,850,1912,134217728,80,640,8,1048576,64,5,0.912384 ms,588.427 GB/s
3,0,Quadro GV100,7.0,850,1912,134217728,80,1280,16,1048576,64,5,0.866304 ms,619.726 GB/s
4,0,Quadro GV100,7.0,850,1912,134217728,80,2560,32,1048576,64,5,0.87248 ms,615.339 GB/s
5,0,Quadro GV100,7.0,850,1912,134217728,80,5120,64,1048576,64,5,0.878592 ms,611.058 GB/s
6,0,Quadro GV100,7.0,850,1912,134217728,80,10240,128,1048576,64,5,0.868352 ms,618.264 GB/s
7,0,Quadro GV100,7.0,850,1912,134217728,80,20480,256,1048576,64,5,0.863232 ms,621.931 GB/s
8,0,Quadro GV100,7.0,850,1912,134217728,80,40960,512,1048576,64,5,0.904192 ms,593.758 GB/s
9,0,Quadro GV100,7.0,850,1912,134217728,80,81920,1024,1048576,64,5,0.964608 ms,556.569 GB/s
10,0,Quadro GV100,7.0,850,1912,134217728,80,163840,2048,1048576,64,5,1.08954 ms,492.752 GB/s
11,0,Quadro GV100,7.0,850,1912,134217728,80,327680,4096,1048576,64,5,1.40186 ms,382.972 GB/s
12,0,Quadro GV100,7.0,850,1912,134217728,80,655360,8192,1048576,64,5,2.06336 ms,260.193 GB/s
13,0,Quadro GV100,7.0,850,1912,134217728,80,1048576,13107,1048576,64,5,3.2041 ms,167.558 GB/s
0,0,Quadro GV100,7.0,850,1912,134217728,80,160,2,524288,128,5,1.07622 ms,498.847 GB/s
1,0,Quadro GV100,7.0,850,1912,134217728,80,320,4,524288,128,5,0.925696 ms,579.965 GB/s
2,0,Quadro GV100,7.0,850,1912,134217728,80,640,8,524288,128,5,0.850944 ms,630.912 GB/s
3,0,Quadro GV100,7.0,850,1912,134217728,80,1280,16,524288,128,5,0.82432 ms,651.289 GB/s
4,0,Quadro GV100,7.0,850,1912,134217728,80,2560,32,524288,128,5,0.82944 ms,647.269 GB/s
5,0,Quadro GV100,7.0,850,1912,134217728,80,5120,64,524288,128,5,0.828416 ms,648.069 GB/s
6,0,Quadro GV100,7.0,850,1912,134217728,80,10240,128,524288,128,5,0.82944 ms,647.269 GB/s
7,0,Quadro GV100,7.0,850,1912,134217728,80,20480,256,524288,128,5,0.845824 ms,634.731 GB/s
8,0,Quadro GV100,7.0,850,1912,134217728,80,40960,512,524288,128,5,0.859104 ms,624.92 GB/s
9,0,Quadro GV100,7.0,850,1912,134217728,80,81920,1024,524288,128,5,0.887808 ms,604.715 GB/s
10,0,Quadro GV100,7.0,850,1912,134217728,80,163840,2048,524288,128,5,1.03731 ms,517.56 GB/s
11,0,Quadro GV100,7.0,850,1912,134217728,80,327680,4096,524288,128,5,1.20013 ms,447.345 GB/s
12,0,Quadro GV100,7.0,850,1912,134217728,80,524288,6553,524288,128,5,1.51245 ms,354.968 GB/s
0,0,Quadro GV100,7.0,850,1912,134217728,80,160,2,262144,256,5,0.925696 ms,579.965 GB/s
1,0,Quadro GV100,7.0,850,1912,134217728,80,320,4,262144,256,5,0.848896 ms,632.434 GB/s
2,0,Quadro GV100,7.0,850,1912,134217728,80,640,8,262144,256,5,0.822272 ms,652.912 GB/s
3,0,Quadro GV100,7.0,850,1912,134217728,80,1280,16,262144,256,5,0.82432 ms,651.289 GB/s
4,0,Quadro GV100,7.0,850,1912,134217728,80,2560,32,262144,256,5,0.82432 ms,651.289 GB/s
5,0,Quadro GV100,7.0,850,1912,134217728,80,5120,64,262144,256,5,0.823232 ms,652.15 GB/s
6,0,Quadro GV100,7.0,850,1912,134217728,80,10240,128,262144,256,5,0.82944 ms,647.269 GB/s
7,0,Quadro GV100,7.0,850,1912,134217728,80,20480,256,262144,256,5,0.82944 ms,647.269 GB/s
8,0,Quadro GV100,7.0,850,1912,134217728,80,40960,512,262144,256,5,0.833536 ms,644.088 GB/s
9,0,Quadro GV100,7.0,850,1912,134217728,80,81920,1024,262144,256,5,0.958464 ms,560.137 GB/s
10,0,Quadro GV100,7.0,850,1912,134217728,80,163840,2048,262144,256,5,1.02298 ms,524.813 GB/s
11,0,Quadro GV100,7.0,850,1912,134217728,80,262144,3276,262144,256,5,1.25133 ms,429.041 GB/s
0,0,Quadro GV100,7.0,850,1912,134217728,80,160,2,131072,512,5,0.851968 ms,630.154 GB/s
1,0,Quadro GV100,7.0,850,1912,134217728,80,320,4,131072,512,5,0.822272 ms,652.912 GB/s
2,0,Quadro GV100,7.0,850,1912,134217728,80,640,8,131072,512,5,0.828416 ms,648.069 GB/s
3,0,Quadro GV100,7.0,850,1912,134217728,80,1280,16,131072,512,5,0.828416 ms,648.069 GB/s
4,0,Quadro GV100,7.0,850,1912,134217728,80,2560,32,131072,512,5,0.822272 ms,652.912 GB/s
5,0,Quadro GV100,7.0,850,1912,134217728,80,5120,64,131072,512,5,0.831488 ms,645.675 GB/s
6,0,Quadro GV100,7.0,850,1912,134217728,80,10240,128,131072,512,5,0.828384 ms,648.094 GB/s
7,0,Quadro GV100,7.0,850,1912,134217728,80,20480,256,131072,512,5,0.827392 ms,648.871 GB/s
8,0,Quadro GV100,7.0,850,1912,134217728,80,40960,512,131072,512,5,0.971776 ms,552.464 GB/s
9,0,Quadro GV100,7.0,850,1912,134217728,80,81920,1024,131072,512,5,1.0537 ms,509.512 GB/s
10,0,Quadro GV100,7.0,850,1912,134217728,80,131072,1638,131072,512,5,1.34963 ms,397.791 GB/s
0,0,Quadro GV100,7.0,850,1912,134217728,80,160,2,65536,1024,5,0.821248 ms,653.726 GB/s
1,0,Quadro GV100,7.0,850,1912,134217728,80,320,4,65536,1024,5,0.830464 ms,646.471 GB/s
2,0,Quadro GV100,7.0,850,1912,134217728,80,640,8,65536,1024,5,0.828448 ms,648.044 GB/s
3,0,Quadro GV100,7.0,850,1912,134217728,80,1280,16,65536,1024,5,0.82432 ms,651.289 GB/s
4,0,Quadro GV100,7.0,850,1912,134217728,80,2560,32,65536,1024,5,0.835584 ms,642.51 GB/s
5,0,Quadro GV100,7.0,850,1912,134217728,80,5120,64,65536,1024,5,0.832544 ms,644.856 GB/s
6,0,Quadro GV100,7.0,850,1912,134217728,80,10240,128,65536,1024,5,0.838656 ms,640.156 GB/s
7,0,Quadro GV100,7.0,850,1912,134217728,80,20480,256,65536,1024,5,0.999424 ms,537.18 GB/s
8,0,Quadro GV100,7.0,850,1912,134217728,80,40960,512,65536,1024,5,1.16019 ms,462.743 GB/s
9,0,Quadro GV100,7.0,850,1912,134217728,80,65536,819,65536,1024,5,1.59846 ms,335.867 GB/s
