type;tile_size;tile_num;elem_size;elem_num;mintime;throughput
RW;64;64;16;4096;0.01312;9.99024

WO;64;64;16;4096;0.01203;5.44771

RW;64;64;16;8192;0.01339;19.5776
RW;64;128;16;8192;0.01095;23.9401

WO;64;64;16;8192;0.0126;10.4025
WO;64;128;16;8192;0.01034;12.6762

RW;64;64;16;16384;0.01384;37.8821
RW;64;128;16;16384;0.01256;41.7427
RW;64;256;16;16384;0.01376;38.1023

WO;64;64;16;16384;0.01265;20.7228
WO;64;128;16;16384;0.0122;21.4872
WO;64;256;16;16384;0.011309;23.1801

RW;64;64;16;32768;0.01487;70.5162
RW;64;128;16;32768;0.0144;72.8178
RW;64;256;16;32768;0.01418;73.9475
RW;64;512;16;32768;0.01367;76.7064

WO;64;64;16;32768;0.01282;40.8961
WO;64;128;16;32768;0.01244;42.1453
WO;64;256;16;32768;0.01219;43.0097
WO;64;512;16;32768;0.01177;44.5444

RW;64;64;16;65536;0.01756;119.428
RW;64;128;16;65536;0.01535;136.622
RW;64;256;16;65536;0.01383;151.638
RW;64;512;16;65536;0.01432;146.449
RW;64;1024;16;65536;0.014249;147.179

WO;64;64;16;65536;0.01373;76.3712
WO;64;128;16;65536;0.01297;80.8463
WO;64;256;16;65536;0.01265;82.8914
WO;64;512;16;65536;0.0098;106.998
WO;64;1024;16;65536;0.01257;83.4189

RW;64;64;16;131072;0.02557;164.032
RW;64;128;16;131072;0.01628;257.635
RW;64;256;16;131072;0.0187;224.294
RW;64;512;16;131072;0.01606;261.165
RW;64;1024;16;131072;0.01625;258.111
RW;64;2048;16;131072;0.01521;275.76

WO;64;64;16;131072;0.01514;138.517
WO;64;128;16;131072;0.01381;151.857
WO;64;256;16;131072;0.01317;159.237
WO;64;512;16;131072;0.01208;173.605
WO;64;1024;16;131072;0.0127;165.13
WO;64;2048;16;131072;0.0133;157.681

RW;64;64;16;262144;0.028199;297.479
RW;64;128;16;262144;0.02552;328.707
RW;64;256;16;262144;0.025839;324.649
RW;64;512;16;262144;0.02895;289.762
RW;64;1024;16;262144;0.02672;313.945
RW;64;2048;16;262144;0.0276;303.935
RW;64;4096;16;262144;0.027649;303.396

WO;64;64;16;262144;0.01898;220.985
WO;64;128;16;262144;0.01826;229.699
WO;64;256;16;262144;0.01825;229.825
WO;64;512;16;262144;0.01818;230.71
WO;64;1024;16;262144;0.018249;229.837
WO;64;2048;16;262144;0.01815;231.091
WO;64;4096;16;262144;0.01854;226.23

RW;64;64;16;524288;0.051599;325.146
RW;64;128;16;524288;0.04447;377.27
RW;64;256;16;524288;0.045299;370.366
RW;64;512;16;524288;0.04583;366.075
RW;64;1024;16;524288;0.04591;365.437
RW;64;2048;16;524288;0.047999;349.533
RW;64;4096;16;524288;0.0462;363.143
RW;64;8192;16;524288;0.04615;363.537

WO;64;64;16;524288;0.027089;309.668
WO;64;128;16;524288;0.0277;302.838
WO;64;256;16;524288;0.026619;315.136
WO;64;512;16;524288;0.02499;335.679
WO;64;1024;16;524288;0.024859;337.448
WO;64;2048;16;524288;0.02616;320.665
WO;64;4096;16;524288;0.02459;341.139
WO;64;8192;16;524288;0.02683;312.658

RW;64;64;16;1048576;0.092349;363.344
RW;64;128;16;1048576;0.082739;405.546
RW;64;256;16;1048576;0.083429;402.191
RW;64;512;16;1048576;0.084599;396.629
RW;64;1024;16;1048576;0.08424;398.319
RW;64;2048;16;1048576;0.088829;377.742
RW;64;4096;16;1048576;0.084129;398.845
RW;64;8192;16;1048576;0.084389;397.616
RW;64;16384;16;1048576;0.085069;394.438

WO;64;64;16;1048576;0.045369;369.795
WO;64;128;16;1048576;0.046159;363.466
WO;64;256;16;1048576;0.04337;386.839
WO;64;512;16;1048576;0.04622;362.986
WO;64;1024;16;1048576;0.04492;373.491
WO;64;2048;16;1048576;0.04534;370.031
WO;64;4096;16;1048576;0.046279;362.523
WO;64;8192;16;1048576;0.046739;358.955
WO;64;16384;16;1048576;0.046569;360.266

RW;64;64;16;2097152;0.166689;402.599
RW;64;128;16;2097152;0.163868;409.53
RW;64;256;16;2097152;0.160778;417.401
RW;64;512;16;2097152;0.160299;418.648
RW;64;1024;16;2097152;0.160629;417.788
RW;64;2048;16;2097152;0.161718;414.975
RW;64;4096;16;2097152;0.160549;417.996
RW;64;8192;16;2097152;0.160578;417.921
RW;64;16384;16;2097152;0.160959;416.931
RW;64;32768;16;2097152;0.161018;416.779

WO;64;64;16;2097152;0.0852;393.831
WO;64;128;16;2097152;0.08497;394.897
WO;64;256;16;2097152;0.084969;394.902
WO;64;512;16;2097152;0.085069;394.438
WO;64;1024;16;2097152;0.084859;395.414
WO;64;2048;16;2097152;0.084969;394.902
WO;64;4096;16;2097152;0.084999;394.763
WO;64;8192;16;2097152;0.084829;395.554
WO;64;16384;16;2097152;0.084999;394.763
WO;64;32768;16;2097152;0.088659;378.466

RW;64;64;16;4194304;0.327717;409.554
RW;64;128;16;4194304;0.325457;412.398
RW;64;256;16;4194304;0.322657;415.977
RW;64;512;16;4194304;0.323077;415.436
RW;64;1024;16;4194304;0.323047;415.474
RW;64;2048;16;4194304;0.327777;409.479
RW;64;4096;16;4194304;0.324107;414.115
RW;64;8192;16;4194304;0.324337;413.822
RW;64;16384;16;4194304;0.322898;415.666
RW;64;32768;16;4194304;0.322917;415.642
RW;64;65536;16;4194304;0.324657;413.414

WO;64;64;16;4194304;0.161299;416.053
WO;64;128;16;4194304;0.160979;416.88
WO;64;256;16;4194304;0.160519;418.074
WO;64;512;16;4194304;0.161299;416.053
WO;64;1024;16;4194304;0.160688;417.635
WO;64;2048;16;4194304;0.161069;416.647
WO;64;4096;16;4194304;0.160829;417.268
WO;64;8192;16;4194304;0.160649;417.736
WO;64;16384;16;4194304;0.160899;417.087
WO;64;32768;16;4194304;0.160999;416.828
WO;64;65536;16;4194304;0.168829;397.496

RW;64;64;16;8388608;0.667164;402.353
RW;64;128;16;8388608;0.649295;413.426
RW;64;256;16;8388608;0.630644;425.653
RW;64;512;16;8388608;0.629835;426.2
RW;64;1024;16;8388608;0.630404;425.815
RW;64;2048;16;8388608;0.634945;422.77
RW;64;4096;16;8388608;0.629475;426.443
RW;64;8192;16;8388608;0.630345;425.855
RW;64;16384;16;8388608;0.629445;426.464
RW;64;32768;16;8388608;0.631714;424.932
RW;64;65536;16;8388608;0.630905;425.477
RW;64;131072;16;8388608;0.630974;425.43

WO;64;64;16;8388608;0.322037;416.777
WO;64;128;16;8388608;0.321747;417.153
WO;64;256;16;8388608;0.321527;417.438
WO;64;512;16;8388608;0.321797;417.088
WO;64;1024;16;8388608;0.322497;416.183
WO;64;2048;16;8388608;0.321837;417.036
WO;64;4096;16;8388608;0.321857;417.01
WO;64;8192;16;8388608;0.322207;416.557
WO;64;16384;16;8388608;0.321897;416.959
WO;64;32768;16;8388608;0.321687;417.231
WO;64;65536;16;8388608;0.321778;417.113
WO;64;131072;16;8388608;0.338627;396.359

RW;64;64;16;16777216;1.31677;407.719
RW;64;128;16;16777216;1.2942;414.829
RW;64;256;16;16777216;1.30559;411.21
RW;64;512;16;16777216;1.30398;411.717
RW;64;1024;16;16777216;1.30578;411.15
RW;64;2048;16;16777216;1.31337;408.774
RW;64;4096;16;16777216;1.30266;412.135
RW;64;8192;16;16777216;1.30755;410.593
RW;64;16384;16;16777216;1.3054;411.27
RW;64;32768;16;16777216;1.30747;410.619
RW;64;65536;16;16777216;1.29185;415.584
RW;64;131072;16;16777216;1.29263;415.333
RW;64;262144;16;16777216;1.30569;411.179

WO;64;64;16;16777216;0.626284;428.616
WO;64;128;16;16777216;0.624685;429.713
WO;64;256;16;16777216;0.624755;429.665
WO;64;512;16;16777216;0.625325;429.273
WO;64;1024;16;16777216;0.625424;429.206
WO;64;2048;16;16777216;0.625774;428.965
WO;64;4096;16;16777216;0.625265;429.315
WO;64;8192;16;16777216;0.625415;429.212
WO;64;16384;16;16777216;0.625614;429.075
WO;64;32768;16;16777216;0.625424;429.206
WO;64;65536;16;16777216;0.625214;429.35
WO;64;131072;16;16777216;0.625414;429.212
WO;64;262144;16;16777216;0.682564;393.275

RW;64;64;16;33554432;2.55389;420.434
RW;64;128;16;33554432;2.52746;424.831
RW;64;256;16;33554432;2.51447;427.025
RW;64;512;16;33554432;2.51415;427.08
RW;64;1024;16;33554432;2.53114;424.213
RW;64;2048;16;33554432;2.53039;424.339
RW;64;4096;16;33554432;2.52713;424.886
RW;64;8192;16;33554432;2.53136;424.176
RW;64;16384;16;33554432;2.53015;424.379
RW;64;32768;16;33554432;2.51801;426.425
RW;64;65536;16;33554432;2.52886;424.596
RW;64;131072;16;33554432;2.53141;424.168
RW;64;262144;16;33554432;2.53417;423.706
RW;64;524288;16;33554432;2.52896;424.579

WO;64;64;16;33554432;1.30172;412.433
WO;64;128;16;33554432;1.28071;419.198
WO;64;256;16;33554432;1.28038;419.306
WO;64;512;16;33554432;1.28064;419.221
WO;64;1024;16;33554432;1.28315;418.401
WO;64;2048;16;33554432;1.28425;418.043
WO;64;4096;16;33554432;1.3026;412.154
WO;64;8192;16;33554432;1.30336;411.913
WO;64;16384;16;33554432;1.30235;412.233
WO;64;32768;16;33554432;1.30288;412.065
WO;64;65536;16;33554432;1.28064;419.221
WO;64;131072;16;33554432;1.28504;417.786
WO;64;262144;16;33554432;1.29393;414.915
WO;64;524288;16;33554432;1.3521;397.065

RW;64;64;16;67108864;5.05756;424.609
RW;64;128;16;67108864;4.97173;431.939
RW;64;256;16;67108864;4.97808;431.388
RW;64;512;16;67108864;4.95882;433.064
RW;64;1024;16;67108864;4.97415;431.729
RW;64;2048;16;67108864;4.98012;431.212
RW;64;4096;16;67108864;4.97536;431.624
RW;64;8192;16;67108864;4.97715;431.469
RW;64;16384;16;67108864;4.97852;431.35
RW;64;32768;16;67108864;4.96554;432.478
RW;64;65536;16;67108864;4.97614;431.556
RW;64;131072;16;67108864;4.95874;433.071
RW;64;262144;16;67108864;4.97214;431.904
RW;64;524288;16;67108864;4.97721;431.464
RW;64;1048576;16;67108864;4.9566;433.258

WO;64;64;16;67108864;2.49523;430.318
WO;64;128;16;67108864;2.4933;430.651
WO;64;256;16;67108864;2.51508;426.922
WO;64;512;16;67108864;2.49833;429.784
WO;64;1024;16;67108864;2.49738;429.948
WO;64;2048;16;67108864;2.49925;429.626
WO;64;4096;16;67108864;2.49632;430.13
WO;64;8192;16;67108864;2.51498;426.939
WO;64;16384;16;67108864;2.49645;430.108
WO;64;32768;16;67108864;2.49748;429.93
WO;64;65536;16;67108864;2.499;429.669
WO;64;131072;16;67108864;2.49586;430.21
WO;64;262144;16;67108864;2.49651;430.098
WO;64;524288;16;67108864;2.50858;428.028
WO;64;1048576;16;67108864;2.66141;403.449

RW;64;64;16;134217728;10.0415;427.723
RW;64;128;16;134217728;9.86578;435.34
RW;64;256;16;134217728;9.85887;435.645
RW;64;512;16;134217728;9.84478;436.268
RW;64;1024;16;134217728;9.87203;435.064
RW;64;2048;16;134217728;9.87128;435.097
RW;64;4096;16;134217728;9.87969;434.727
RW;64;8192;16;134217728;9.86135;435.535
RW;64;16384;16;134217728;9.88565;434.465
RW;64;32768;16;134217728;9.85765;435.699
RW;64;65536;16;134217728;9.87371;434.99
RW;64;131072;16;134217728;9.86446;435.398
RW;64;262144;16;134217728;9.84479;436.268
RW;64;524288;16;134217728;9.87069;435.123
RW;64;1048576;16;134217728;9.8632;435.454
RW;64;2097152;16;134217728;9.87594;434.892

WO;64;64;16;134217728;4.92065;436.423
WO;64;128;16;134217728;4.94249;434.495
WO;64;256;16;134217728;4.92044;436.442
WO;64;512;16;134217728;4.92669;435.888
WO;64;1024;16;134217728;4.92819;435.755
WO;64;2048;16;134217728;4.931;435.507
WO;64;4096;16;134217728;4.94785;434.024
WO;64;8192;16;134217728;4.94774;434.034
WO;64;16384;16;134217728;4.92664;435.892
WO;64;32768;16;134217728;4.92709;435.853
WO;64;65536;16;134217728;4.94755;434.05
WO;64;131072;16;134217728;4.92639;435.915
WO;64;262144;16;134217728;4.92365;436.157
WO;64;524288;16;134217728;4.92224;436.282
WO;64;1048576;16;134217728;4.92181;436.32
WO;64;2097152;16;134217728;5.21919;411.459

RW;128;64;16;8192;0.01221;21.4696

WO;128;64;16;8192;0.0113;11.5993

RW;128;64;16;16384;0.012;43.6907
RW;128;128;16;16384;0.01114;47.0636

WO;128;64;16;16384;0.011479;22.8368
WO;128;128;16;16384;0.01106;23.702

RW;128;64;16;32768;0.01273;82.3705
RW;128;128;16;32768;0.01239;84.6308
RW;128;256;16;32768;0.01226;85.5282

WO;128;64;16;32768;0.01227;42.7293
WO;128;128;16;32768;0.01202;43.618
WO;128;256;16;32768;0.01193;43.947

RW;128;64;16;65536;0.01452;144.432
RW;128;128;16;65536;0.01379;152.078
RW;128;256;16;65536;0.0139;150.874
RW;128;512;16;65536;0.01388;151.092

WO;128;64;16;65536;0.01312;79.9219
WO;128;128;16;65536;0.0129;81.285
WO;128;256;16;65536;0.01278;82.0482
WO;128;512;16;65536;0.01276;82.1768

RW;128;64;16;131072;0.017109;245.152
RW;128;128;16;131072;0.0166;252.669
RW;128;256;16;131072;0.01659;252.821
RW;128;512;16;131072;0.01675;250.406
RW;128;1024;16;131072;0.01699;246.869

WO;128;64;16;131072;0.01389;150.983
WO;128;128;16;131072;0.01346;155.806
WO;128;256;16;131072;0.01317;159.237
WO;128;512;16;131072;0.01311;159.966
WO;128;1024;16;131072;0.01292;162.318

RW;128;64;16;262144;0.0369;227.334
RW;128;128;16;262144;0.02577;325.518
RW;128;256;16;262144;0.02599;322.763
RW;128;512;16;262144;0.02648;316.79
RW;128;1024;16;262144;0.027119;309.326
RW;128;2048;16;262144;0.02717;308.745

WO;128;64;16;262144;0.01864;225.016
WO;128;128;16;262144;0.014079;297.912
WO;128;256;16;262144;0.01843;227.58
WO;128;512;16;262144;0.017949;233.679
WO;128;1024;16;262144;0.017789;235.781
WO;128;2048;16;262144;0.01806;232.243

RW;128;64;16;524288;0.05329;314.829
RW;128;128;16;524288;0.0417;402.331
RW;128;256;16;524288;0.044769;374.751
RW;128;512;16;524288;0.04485;374.074
RW;128;1024;16;524288;0.04613;363.694
RW;128;2048;16;524288;0.045589;368.01
RW;128;4096;16;524288;0.04688;357.876

WO;128;64;16;524288;0.026419;317.522
WO;128;128;16;524288;0.03069;273.334
WO;128;256;16;524288;0.03011;278.599
WO;128;512;16;524288;0.02844;294.958
WO;128;1024;16;524288;0.026759;313.487
WO;128;2048;16;524288;0.02243;373.991
WO;128;4096;16;524288;0.02612;321.157

RW;128;64;16;1048576;0.08514;394.109
RW;128;128;16;1048576;0.082679;405.84
RW;128;256;16;1048576;0.083319;402.722
RW;128;512;16;1048576;0.08405;399.22
RW;128;1024;16;1048576;0.084649;396.395
RW;128;2048;16;1048576;0.083979;399.557
RW;128;4096;16;1048576;0.084429;397.428
RW;128;8192;16;1048576;0.084609;396.582

WO;128;64;16;1048576;0.045489;368.819
WO;128;128;16;1048576;0.059709;280.983
WO;128;256;16;1048576;0.058;289.262
WO;128;512;16;1048576;0.050999;328.971
WO;128;1024;16;1048576;0.046899;357.731
WO;128;2048;16;1048576;0.045279;370.53
WO;128;4096;16;1048576;0.04485;374.074
WO;128;8192;16;1048576;0.04604;364.405

RW;128;64;16;2097152;0.161489;415.563
RW;128;128;16;2097152;0.160438;418.285
RW;128;256;16;2097152;0.160288;418.677
RW;128;512;16;2097152;0.160639;417.762
RW;128;1024;16;2097152;0.161269;416.13
RW;128;2048;16;2097152;0.160519;418.074
RW;128;4096;16;2097152;0.160808;417.323
RW;128;8192;16;2097152;0.160978;416.882
RW;128;16384;16;2097152;0.161239;416.207

WO;128;64;16;2097152;0.084829;395.554
WO;128;128;16;2097152;0.111369;301.291
WO;128;256;16;2097152;0.115759;289.865
WO;128;512;16;2097152;0.103579;323.95
WO;128;1024;16;2097152;0.090609;370.321
WO;128;2048;16;2097152;0.088389;379.622
WO;128;4096;16;2097152;0.086389;388.411
WO;128;8192;16;2097152;0.08487;395.363
WO;128;16384;16;2097152;0.084419;397.475

RW;128;64;16;4194304;0.346687;387.144
RW;128;128;16;4194304;0.323717;414.614
RW;128;256;16;4194304;0.323477;414.922
RW;128;512;16;4194304;0.328127;409.042
RW;128;1024;16;4194304;0.326987;410.468
RW;128;2048;16;4194304;0.324597;413.49
RW;128;4096;16;4194304;0.322587;416.067
RW;128;8192;16;4194304;0.324597;413.49
RW;128;16384;16;4194304;0.325247;412.664
RW;128;32768;16;4194304;0.324337;413.822

WO;128;64;16;4194304;0.161358;415.9
WO;128;128;16;4194304;0.240057;279.554
WO;128;256;16;4194304;0.240558;278.972
WO;128;512;16;4194304;0.222468;301.656
WO;128;1024;16;4194304;0.191799;349.892
WO;128;2048;16;4194304;0.172238;389.629
WO;128;4096;16;4194304;0.167988;399.486
WO;128;8192;16;4194304;0.163609;410.178
WO;128;16384;16;4194304;0.161229;416.233
WO;128;32768;16;4194304;0.160769;417.424

RW;128;64;16;8388608;0.663604;404.511
RW;128;128;16;8388608;0.631134;425.322
RW;128;256;16;8388608;0.639294;419.894
RW;128;512;16;8388608;0.634634;422.977
RW;128;1024;16;8388608;0.636085;422.012
RW;128;2048;16;8388608;0.633235;423.911
RW;128;4096;16;8388608;0.630894;425.484
RW;128;8192;16;8388608;0.630254;425.916
RW;128;16384;16;8388608;0.631374;425.161
RW;128;32768;16;8388608;0.630534;425.727
RW;128;65536;16;8388608;0.631755;424.904

WO;128;64;16;8388608;0.322677;415.951
WO;128;128;16;8388608;0.442236;303.498
WO;128;256;16;8388608;0.469006;286.175
WO;128;512;16;8388608;0.447046;300.232
WO;128;1024;16;8388608;0.409097;328.083
WO;128;2048;16;8388608;0.368437;364.29
WO;128;4096;16;8388608;0.347967;385.72
WO;128;8192;16;8388608;0.339167;395.728
WO;128;16384;16;8388608;0.327557;409.754
WO;128;32768;16;8388608;0.323227;415.243
WO;128;65536;16;8388608;0.321927;416.92

RW;128;64;16;16777216;1.32315;405.753
RW;128;128;16;16777216;1.30523;411.323
RW;128;256;16;16777216;1.31216;409.151
RW;128;512;16;16777216;1.31017;409.773
RW;128;1024;16;16777216;1.30827;410.368
RW;128;2048;16;16777216;1.30502;411.389
RW;128;4096;16;16777216;1.30462;411.515
RW;128;8192;16;16777216;1.31319;408.83
RW;128;16384;16;16777216;1.30483;411.45
RW;128;32768;16;16777216;1.30746;410.622
RW;128;65536;16;16777216;1.30929;410.048
RW;128;131072;16;16777216;1.29145;415.712

WO;128;64;16;16777216;0.627714;427.64
WO;128;128;16;16777216;0.958412;280.084
WO;128;256;16;16777216;0.991711;270.679
WO;128;512;16;16777216;0.921581;291.277
WO;128;1024;16;16777216;0.861612;311.55
WO;128;2048;16;16777216;0.801103;335.082
WO;128;4096;16;16777216;0.736803;364.325
WO;128;8192;16;16777216;0.695234;386.108
WO;128;16384;16;16777216;0.664654;403.872
WO;128;32768;16;16777216;0.639064;420.045
WO;128;65536;16;16777216;0.628524;427.089
WO;128;131072;16;16777216;0.625664;429.041

RW;128;64;16;33554432;2.55364;420.475
RW;128;128;16;33554432;2.51109;427.6
RW;128;256;16;33554432;2.52919;424.54
RW;128;512;16;33554432;2.54941;421.173
RW;128;1024;16;33554432;2.53175;424.111
RW;128;2048;16;33554432;2.5341;423.718
RW;128;4096;16;33554432;2.52988;424.424
RW;128;8192;16;33554432;2.51036;427.725
RW;128;16384;16;33554432;2.51625;426.723
RW;128;32768;16;33554432;2.51305;427.267
RW;128;65536;16;33554432;2.52482;425.275
RW;128;131072;16;33554432;2.52807;424.728
RW;128;262144;16;33554432;2.51564;426.827

WO;128;64;16;33554432;1.30576;411.157
WO;128;128;16;33554432;1.89173;283.798
WO;128;256;16;33554432;1.89118;283.881
WO;128;512;16;33554432;1.85977;288.675
WO;128;1024;16;33554432;1.58533;338.65
WO;128;2048;16;33554432;1.63273;328.819
WO;128;4096;16;33554432;1.53782;349.112
WO;128;8192;16;33554432;1.47872;363.065
WO;128;16384;16;33554432;1.42557;376.602
WO;128;32768;16;33554432;1.34811;398.24
WO;128;65536;16;33554432;1.3094;410.014
WO;128;131072;16;33554432;1.28899;416.506
WO;128;262144;16;33554432;1.28237;418.656

RW;128;64;16;67108864;5.03475;426.533
RW;128;128;16;67108864;4.96996;432.093
RW;128;256;16;67108864;4.99896;429.586
RW;128;512;16;67108864;5.00524;429.047
RW;128;1024;16;67108864;4.98825;430.509
RW;128;2048;16;67108864;4.95375;433.507
RW;128;4096;16;67108864;4.96956;432.128
RW;128;8192;16;67108864;4.97352;431.784
RW;128;16384;16;67108864;4.97753;431.436
RW;128;32768;16;67108864;4.97937;431.277
RW;128;65536;16;67108864;4.97615;431.555
RW;128;131072;16;67108864;4.98155;431.088
RW;128;262144;16;67108864;4.9697;432.116
RW;128;524288;16;67108864;4.95539;433.364

WO;128;64;16;67108864;2.52334;425.524
WO;128;128;16;67108864;3.72307;288.402
WO;128;256;16;67108864;3.74374;286.81
WO;128;512;16;67108864;3.6881;291.137
WO;128;1024;16;67108864;3.483;308.281
WO;128;2048;16;67108864;3.27531;327.829
WO;128;4096;16;67108864;3.06493;350.331
WO;128;8192;16;67108864;2.96251;362.443
WO;128;16384;16;67108864;2.89995;370.262
WO;128;32768;16;67108864;2.77011;387.618
WO;128;65536;16;67108864;2.62816;408.553
WO;128;131072;16;67108864;2.55035;421.018
WO;128;262144;16;67108864;2.52176;425.791
WO;128;524288;16;67108864;2.49989;429.516

RW;128;64;16;134217728;10.0374;427.897
RW;128;128;16;134217728;9.87386;434.983
RW;128;256;16;134217728;9.89385;434.105
RW;128;512;16;134217728;9.88161;434.642
RW;128;1024;16;134217728;9.88324;434.571
RW;128;2048;16;134217728;9.85979;435.604
RW;128;4096;16;134217728;9.8745;434.955
RW;128;8192;16;134217728;9.86315;435.456
RW;128;16384;16;134217728;9.87166;435.08
RW;128;32768;16;134217728;9.8543;435.847
RW;128;65536;16;134217728;9.86856;435.217
RW;128;131072;16;134217728;9.83421;436.737
RW;128;262144;16;134217728;9.86125;435.54
RW;128;524288;16;134217728;9.86647;435.309
RW;128;1048576;16;134217728;9.88099;434.67

WO;128;64;16;134217728;4.93977;434.734
WO;128;128;16;134217728;7.4025;290.102
WO;128;256;16;134217728;7.34747;292.275
WO;128;512;16;134217728;7.11238;301.936
WO;128;1024;16;134217728;6.95205;308.899
WO;128;2048;16;134217728;6.52557;329.087
WO;128;4096;16;134217728;6.13122;350.254
WO;128;8192;16;134217728;6.00044;357.888
WO;128;16384;16;134217728;5.9117;363.26
WO;128;32768;16;134217728;5.7213;375.349
WO;128;65536;16;134217728;5.47683;392.103
WO;128;131072;16;134217728;5.17988;414.581
WO;128;262144;16;134217728;4.99877;429.603
WO;128;524288;16;134217728;4.9449;434.283
WO;128;1048576;16;134217728;4.94605;434.182

RW;256;64;16;16384;0.01295;40.4856

WO;256;64;16;16384;0.011799;22.2175

RW;256;64;16;32768;0.0129;81.285
RW;256;128;16;32768;0.01223;85.738

WO;256;64;16;32768;0.0123;42.625
WO;256;128;16;32768;0.01209;43.3654

RW;256;64;16;65536;0.014509;144.541
RW;256;128;16;65536;0.01373;152.742
RW;256;256;16;65536;0.013629;153.874

WO;256;64;16;65536;0.012799;81.9264
WO;256;128;16;65536;0.01275;82.2413
WO;256;256;16;65536;0.012739;82.3123

RW;256;64;16;131072;0.01693;247.744
RW;256;128;16;131072;0.01654;253.585
RW;256;256;16;131072;0.01675;250.406
RW;256;512;16;131072;0.01664;252.062

WO;256;64;16;131072;0.01327;158.037
WO;256;128;16;131072;0.01309;160.21
WO;256;256;16;131072;0.01308;160.333
WO;256;512;16;131072;0.013919;150.668

RW;256;64;16;262144;0.03342;251.006
RW;256;128;16;262144;0.02612;321.157
RW;256;256;16;262144;0.02646;317.03
RW;256;512;16;262144;0.027159;308.87
RW;256;1024;16;262144;0.02708;309.771

WO;256;64;16;262144;0.018;233.017
WO;256;128;16;262144;0.01737;241.468
WO;256;256;16;262144;0.01687;248.625
WO;256;512;16;262144;0.01794;233.796
WO;256;1024;16;262144;0.01161;361.266

RW;256;64;16;524288;0.055179;304.051
RW;256;128;16;524288;0.044819;374.333
RW;256;256;16;524288;0.04416;379.919
RW;256;512;16;524288;0.04621;363.065
RW;256;1024;16;524288;0.045559;368.253
RW;256;2048;16;524288;0.04649;360.878

WO;256;64;16;524288;0.026229;319.822
WO;256;128;16;524288;0.02626;319.444
WO;256;256;16;524288;0.02519;333.013
WO;256;512;16;524288;0.02601;322.515
WO;256;1024;16;524288;0.02604;322.143
WO;256;2048;16;524288;0.02595;323.26

RW;256;64;16;1048576;0.092899;361.193
RW;256;128;16;1048576;0.082109;408.657
RW;256;256;16;1048576;0.083549;401.614
RW;256;512;16;1048576;0.084929;395.088
RW;256;1024;16;1048576;0.083739;400.703
RW;256;2048;16;1048576;0.08486;395.409
RW;256;4096;16;1048576;0.084289;398.088

WO;256;64;16;1048576;0.04477;374.742
WO;256;128;16;1048576;0.04764;352.167
WO;256;256;16;1048576;0.047509;353.138
WO;256;512;16;1048576;0.04613;363.694
WO;256;1024;16;1048576;0.047009;356.894
WO;256;2048;16;1048576;0.04458;376.34
WO;256;4096;16;1048576;0.044779;374.667

RW;256;64;16;2097152;0.160768;417.427
RW;256;128;16;2097152;0.159539;420.642
RW;256;256;16;2097152;0.160279;418.7
RW;256;512;16;2097152;0.160368;418.468
RW;256;1024;16;2097152;0.159969;419.512
RW;256;2048;16;2097152;0.160119;419.119
RW;256;4096;16;2097152;0.160469;418.205
RW;256;8192;16;2097152;0.160959;416.931

WO;256;64;16;2097152;0.084309;397.993
WO;256;128;16;2097152;0.086609;387.424
WO;256;256;16;2097152;0.089059;376.766
WO;256;512;16;2097152;0.087839;381.999
WO;256;1024;16;2097152;0.086069;389.855
WO;256;2048;16;2097152;0.0857;391.534
WO;256;4096;16;2097152;0.083619;401.278
WO;256;8192;16;2097152;0.085309;393.328

RW;256;64;16;4194304;0.361926;370.843
RW;256;128;16;4194304;0.326747;410.77
RW;256;256;16;4194304;0.326427;411.172
RW;256;512;16;4194304;0.324007;414.243
RW;256;1024;16;4194304;0.322677;415.951
RW;256;2048;16;4194304;0.324027;414.218
RW;256;4096;16;4194304;0.323117;415.384
RW;256;8192;16;4194304;0.323477;414.922
RW;256;16384;16;4194304;0.324487;413.631

WO;256;64;16;4194304;0.164659;407.563
WO;256;128;16;4194304;0.170718;393.098
WO;256;256;16;4194304;0.170478;393.651
WO;256;512;16;4194304;0.171429;391.467
WO;256;1024;16;4194304;0.169249;396.51
WO;256;2048;16;4194304;0.167159;401.467
WO;256;4096;16;4194304;0.164608;407.689
WO;256;8192;16;4194304;0.163339;410.856
WO;256;16384;16;4194304;0.162018;414.206

RW;256;64;16;8388608;0.726304;369.591
RW;256;128;16;8388608;0.633944;423.437
RW;256;256;16;8388608;0.636115;421.992
RW;256;512;16;8388608;0.635624;422.318
RW;256;1024;16;8388608;0.630004;426.085
RW;256;2048;16;8388608;0.629455;426.457
RW;256;4096;16;8388608;0.629734;426.268
RW;256;8192;16;8388608;0.630374;425.835
RW;256;16384;16;8388608;0.631164;425.302
RW;256;32768;16;8388608;0.628874;426.851

WO;256;64;16;8388608;0.328667;408.37
WO;256;128;16;8388608;0.342887;391.434
WO;256;256;16;8388608;0.343157;391.126
WO;256;512;16;8388608;0.344447;389.661
WO;256;1024;16;8388608;0.343457;390.785
WO;256;2048;16;8388608;0.338637;396.347
WO;256;4096;16;8388608;0.334287;401.504
WO;256;8192;16;8388608;0.330047;406.662
WO;256;16384;16;8388608;0.326607;410.946
WO;256;32768;16;8388608;0.324607;413.478

RW;256;64;16;16777216;1.28203;418.767
RW;256;128;16;16777216;1.27858;419.897
RW;256;256;16;16777216;1.29309;415.185
RW;256;512;16;16777216;1.29534;414.464
RW;256;1024;16;16777216;1.29039;416.054
RW;256;2048;16;16777216;1.30543;411.26
RW;256;4096;16;16777216;1.30517;411.342
RW;256;8192;16;16777216;1.30502;411.389
RW;256;16384;16;16777216;1.30571;411.172
RW;256;32768;16;16777216;1.31272;408.977
RW;256;65536;16;16777216;1.30698;410.772

WO;256;64;16;16777216;0.641594;418.388
WO;256;128;16;16777216;0.672984;398.873
WO;256;256;16;16777216;0.671724;399.622
WO;256;512;16;16777216;0.674904;397.739
WO;256;1024;16;16777216;0.675085;397.632
WO;256;2048;16;16777216;0.694614;386.453
WO;256;4096;16;16777216;0.663614;404.505
WO;256;8192;16;16777216;0.653754;410.606
WO;256;16384;16;16777216;0.642854;417.568
WO;256;32768;16;16777216;0.635295;422.537
WO;256;65536;16;16777216;0.629454;426.458

RW;256;64;16;33554432;2.53684;423.26
RW;256;128;16;33554432;2.52907;424.56
RW;256;256;16;33554432;2.52982;424.435
RW;256;512;16;33554432;2.53094;424.247
RW;256;1024;16;33554432;2.52529;425.196
RW;256;2048;16;33554432;2.52621;425.041
RW;256;4096;16;33554432;2.53425;423.693
RW;256;8192;16;33554432;2.62027;409.783
RW;256;16384;16;33554432;2.49211;430.857
RW;256;32768;16;33554432;2.52633;425.021
RW;256;65536;16;33554432;2.51175;427.488
RW;256;131072;16;33554432;2.52807;424.728

WO;256;64;16;33554432;1.3136;408.702
WO;256;128;16;33554432;1.37449;390.597
WO;256;256;16;33554432;1.37911;389.289
WO;256;512;16;33554432;1.37511;390.421
WO;256;1024;16;33554432;1.37831;389.514
WO;256;2048;16;33554432;1.37884;389.365
WO;256;4096;16;33554432;1.37785;389.645
WO;256;8192;16;33554432;1.35558;396.046
WO;256;16384;16;33554432;1.33498;402.157
WO;256;32768;16;33554432;1.32014;406.678
WO;256;65536;16;33554432;1.30057;412.797
WO;256;131072;16;33554432;1.29037;416.06

RW;256;64;16;67108864;5.06141;424.286
RW;256;128;16;67108864;4.98929;430.419
RW;256;256;16;67108864;4.96072;432.898
RW;256;512;16;67108864;4.97789;431.405
RW;256;1024;16;67108864;4.97046;432.05
RW;256;2048;16;67108864;4.97899;431.309
RW;256;4096;16;67108864;4.97337;431.797
RW;256;8192;16;67108864;4.97984;431.236
RW;256;16384;16;67108864;4.97918;431.293
RW;256;32768;16;67108864;4.95934;433.018
RW;256;65536;16;67108864;4.97777;431.415
RW;256;131072;16;67108864;4.95912;433.038
RW;256;262144;16;67108864;4.95756;433.174

WO;256;64;16;67108864;2.57803;416.498
WO;256;128;16;67108864;2.66968;402.199
WO;256;256;16;67108864;2.6866;399.666
WO;256;512;16;67108864;2.67879;400.831
WO;256;1024;16;67108864;2.70001;397.681
WO;256;2048;16;67108864;2.68605;399.748
WO;256;4096;16;67108864;2.68916;399.286
WO;256;8192;16;67108864;2.68734;399.556
WO;256;16384;16;67108864;2.64347;406.187
WO;256;32768;16;67108864;2.60756;411.781
WO;256;65536;16;67108864;2.57561;416.889
WO;256;131072;16;67108864;2.53712;423.213
WO;256;262144;16;67108864;2.51403;427.1

RW;256;64;16;134217728;10.055;427.148
RW;256;128;16;134217728;9.87808;434.798
RW;256;256;16;134217728;9.87076;435.12
RW;256;512;16;134217728;9.87629;434.876
RW;256;1024;16;134217728;9.86063;435.567
RW;256;2048;16;134217728;9.85258;435.923
RW;256;4096;16;134217728;9.86758;435.26
RW;256;8192;16;134217728;9.86047;435.574
RW;256;16384;16;134217728;9.85492;435.819
RW;256;32768;16;134217728;9.8646;435.392
RW;256;65536;16;134217728;9.86481;435.383
RW;256;131072;16;134217728;9.87786;434.807
RW;256;262144;16;134217728;9.86406;435.416
RW;256;524288;16;134217728;9.86426;435.407

WO;256;64;16;134217728;5.05014;425.233
WO;256;128;16;134217728;5.27339;407.23
WO;256;256;16;134217728;5.29184;405.81
WO;256;512;16;134217728;5.30949;404.461
WO;256;1024;16;134217728;5.3158;403.981
WO;256;2048;16;134217728;5.30987;404.432
WO;256;4096;16;134217728;5.31362;404.147
WO;256;8192;16;134217728;5.29852;405.299
WO;256;16384;16;134217728;5.32163;403.538
WO;256;32768;16;134217728;5.23109;410.523
WO;256;65536;16;134217728;5.15186;416.836
WO;256;131072;16;134217728;5.06114;424.309
WO;256;262144;16;134217728;4.99728;429.731
WO;256;524288;16;134217728;4.96235;432.756

RW;512;64;16;32768;0.01383;75.8189

WO;512;64;16;32768;0.01261;41.5772

RW;512;64;16;65536;0.01419;147.791
RW;512;128;16;65536;0.0137;153.077

WO;512;64;16;65536;0.012769;82.1189
WO;512;128;16;65536;0.0128;81.92

RW;512;64;16;131072;0.01698;247.014
RW;512;128;16;131072;0.01639;255.906
RW;512;256;16;131072;0.01658;252.974

WO;512;64;16;131072;0.01318;159.116
WO;512;128;16;131072;0.01304;160.825
WO;512;256;16;131072;0.0139;150.874

RW;512;64;16;262144;0.0329;254.973
RW;512;128;16;262144;0.026479;316.802
RW;512;256;16;262144;0.02631;318.837
RW;512;512;16;262144;0.02728;307.5

WO;512;64;16;262144;0.01791;234.188
WO;512;128;16;262144;0.01737;241.468
WO;512;256;16;262144;0.01788;234.581
WO;512;512;16;262144;0.017889;234.463

RW;512;64;16;524288;0.054029;310.522
RW;512;128;16;524288;0.045469;368.981
RW;512;256;16;524288;0.046;364.722
RW;512;512;16;524288;0.045899;365.525
RW;512;1024;16;524288;0.04684;358.181

WO;512;64;16;524288;0.02642;317.51
WO;512;128;16;524288;0.02633;318.595
WO;512;256;16;524288;0.02463;340.585
WO;512;512;16;524288;0.02621;320.054
WO;512;1024;16;524288;0.02491;336.757

RW;512;64;16;1048576;0.092879;361.27
RW;512;128;16;1048576;0.08369;400.937
RW;512;256;16;1048576;0.082299;407.714
RW;512;512;16;1048576;0.083809;400.368
RW;512;1024;16;1048576;0.079739;420.803
RW;512;2048;16;1048576;0.08496;394.944

WO;512;64;16;1048576;0.05314;315.717
WO;512;128;16;1048576;0.04737;354.174
WO;512;256;16;1048576;0.04386;382.517
WO;512;512;16;1048576;0.046859;358.036
WO;512;1024;16;1048576;0.04447;377.27
WO;512;2048;16;1048576;0.04677;358.717

RW;512;64;16;2097152;0.160858;417.193
RW;512;128;16;2097152;0.157079;427.23
RW;512;256;16;2097152;0.159998;419.436
RW;512;512;16;2097152;0.157799;425.281
RW;512;1024;16;2097152;0.160219;418.857
RW;512;2048;16;2097152;0.160758;417.453
RW;512;4096;16;2097152;0.161599;415.28

WO;512;64;16;2097152;0.108009;310.663
WO;512;128;16;2097152;0.101089;331.93
WO;512;256;16;2097152;0.089349;375.543
WO;512;512;16;2097152;0.083599;401.374
WO;512;1024;16;2097152;0.083069;403.934
WO;512;2048;16;2097152;0.08519;393.878
WO;512;4096;16;2097152;0.084269;398.182

RW;512;64;16;4194304;0.361827;370.944
RW;512;128;16;4194304;0.326597;410.958
RW;512;256;16;4194304;0.326108;411.574
RW;512;512;16;4194304;0.324787;413.248
RW;512;1024;16;4194304;0.326197;411.462
RW;512;2048;16;4194304;0.323937;414.333
RW;512;4096;16;4194304;0.323707;414.627
RW;512;8192;16;4194304;0.325477;412.372

WO;512;64;16;4194304;0.227178;295.402
WO;512;128;16;4194304;0.217599;308.406
WO;512;256;16;4194304;0.195218;343.764
WO;512;512;16;4194304;0.173228;387.402
WO;512;1024;16;4194304;0.165509;405.47
WO;512;2048;16;4194304;0.164018;409.155
WO;512;4096;16;4194304;0.161779;414.818
WO;512;8192;16;4194304;0.161159;416.414

RW;512;64;16;8388608;0.666564;402.715
RW;512;128;16;8388608;0.634055;423.363
RW;512;256;16;8388608;0.630964;425.437
RW;512;512;16;8388608;0.631415;425.133
RW;512;1024;16;8388608;0.631774;424.892
RW;512;2048;16;8388608;0.633495;423.737
RW;512;4096;16;8388608;0.630694;425.619
RW;512;8192;16;8388608;0.630924;425.464
RW;512;16384;16;8388608;0.632205;424.602

WO;512;64;16;8388608;0.441946;303.697
WO;512;128;16;8388608;0.436316;307.616
WO;512;256;16;8388608;0.418806;320.477
WO;512;512;16;8388608;0.391027;343.244
WO;512;1024;16;8388608;0.344937;389.108
WO;512;2048;16;8388608;0.333317;402.673
WO;512;4096;16;8388608;0.329717;407.069
WO;512;8192;16;8388608;0.325437;412.423
WO;512;16384;16;8388608;0.323637;414.717

RW;512;64;16;16777216;1.31547;408.121
RW;512;128;16;16777216;1.30892;410.164
RW;512;256;16;16777216;1.30527;411.311
RW;512;512;16;16777216;1.30547;411.248
RW;512;1024;16;16777216;1.31182;409.257
RW;512;2048;16;16777216;1.30407;411.689
RW;512;4096;16;16777216;1.30794;410.471
RW;512;8192;16;16777216;1.3071;410.735
RW;512;16384;16;16777216;1.30566;411.188
RW;512;32768;16;16777216;1.30966;409.932

WO;512;64;16;16777216;0.918792;292.161
WO;512;128;16;16777216;0.890853;301.324
WO;512;256;16;16777216;0.877792;305.808
WO;512;512;16;16777216;0.848102;316.513
WO;512;1024;16;16777216;0.777814;345.115
WO;512;2048;16;16777216;0.676714;396.675
WO;512;4096;16;16777216;0.654715;410.004
WO;512;8192;16;16777216;0.638495;420.419
WO;512;16384;16;16777216;0.631895;424.81
WO;512;32768;16;16777216;0.628575;427.054

RW;512;64;16;33554432;2.53477;423.606
RW;512;128;16;33554432;2.53024;424.364
RW;512;256;16;33554432;2.5307;424.287
RW;512;512;16;33554432;2.53334;423.845
RW;512;1024;16;33554432;2.52895;424.581
RW;512;2048;16;33554432;2.53026;424.361
RW;512;4096;16;33554432;2.53681;423.265
RW;512;8192;16;33554432;2.5296;424.471
RW;512;16384;16;33554432;2.5276;424.807
RW;512;32768;16;33554432;2.53259;423.97
RW;512;65536;16;33554432;2.52655;424.984

WO;512;64;16;33554432;1.80208;297.917
WO;512;128;16;33554432;1.79157;299.664
WO;512;256;16;33554432;1.76568;304.058
WO;512;512;16;33554432;1.744;307.838
WO;512;1024;16;33554432;1.67917;319.725
WO;512;2048;16;33554432;1.55271;345.765
WO;512;4096;16;33554432;1.36912;392.129
WO;512;8192;16;33554432;1.32684;404.624
WO;512;16384;16;33554432;1.31771;407.428
WO;512;32768;16;33554432;1.29202;415.529
WO;512;65536;16;33554432;1.28916;416.451

RW;512;64;16;67108864;5.05651;424.697
RW;512;128;16;67108864;4.9868;430.634
RW;512;256;16;67108864;4.96236;432.755
RW;512;512;16;67108864;4.95628;433.286
RW;512;1024;16;67108864;4.98322;430.943
RW;512;2048;16;67108864;4.97455;431.694
RW;512;4096;16;67108864;4.97555;431.608
RW;512;8192;16;67108864;4.96893;432.183
RW;512;16384;16;67108864;4.95763;433.168
RW;512;32768;16;67108864;4.9599;432.969
RW;512;65536;16;67108864;4.97731;431.455
RW;512;131072;16;67108864;4.96976;432.11

WO;512;64;16;67108864;3.51625;305.366
WO;512;128;16;67108864;3.50328;306.496
WO;512;256;16;67108864;3.50865;306.027
WO;512;512;16;67108864;3.46041;310.293
WO;512;1024;16;67108864;3.42489;313.511
WO;512;2048;16;67108864;3.30328;325.053
WO;512;4096;16;67108864;3.03802;353.434
WO;512;8192;16;67108864;2.68762;399.515
WO;512;16384;16;67108864;2.57764;416.56
WO;512;32768;16;67108864;2.55848;419.68
WO;512;65536;16;67108864;2.53095;424.245
WO;512;131072;16;67108864;2.51019;427.754

RW;512;64;16;134217728;10.0571;427.06
RW;512;128;16;134217728;9.86837;435.225
RW;512;256;16;134217728;9.87906;434.754
RW;512;512;16;134217728;9.87176;435.076
RW;512;1024;16;134217728;9.87714;434.839
RW;512;2048;16;134217728;9.93634;432.248
RW;512;4096;16;134217728;9.86552;435.351
RW;512;8192;16;134217728;9.8722;435.057
RW;512;16384;16;134217728;9.85235;435.933
RW;512;32768;16;134217728;9.88484;434.5
RW;512;65536;16;134217728;9.83523;436.692
RW;512;131072;16;134217728;9.8743;434.964
RW;512;262144;16;134217728;9.86307;435.459

WO;512;64;16;134217728;6.93929;309.467
WO;512;128;16;134217728;6.96224;308.447
WO;512;256;16;134217728;6.95741;308.661
WO;512;512;16;134217728;6.94882;309.043
WO;512;1024;16;134217728;6.89595;311.412
WO;512;2048;16;134217728;6.76227;317.568
WO;512;4096;16;134217728;6.50911;329.92
WO;512;8192;16;134217728;5.97873;359.187
WO;512;16384;16;134217728;5.31563;403.994
WO;512;32768;16;134217728;5.1082;420.399
WO;512;65536;16;134217728;5.04539;425.633
WO;512;131072;16;134217728;4.97551;431.611
WO;512;262144;16;134217728;4.9491;433.914

RW;1024;64;16;65536;0.01428;146.859

WO;1024;64;16;65536;0.01279;81.984

RW;1024;64;16;131072;0.0174;241.052
RW;1024;128;16;131072;0.01688;248.478

WO;1024;64;16;131072;0.012959;161.83
WO;1024;128;16;131072;0.01391;150.766

RW;1024;64;16;262144;0.03306;253.739
RW;1024;128;16;262144;0.02728;307.5
RW;1024;256;16;262144;0.027129;309.212

WO;1024;64;16;262144;0.017359;241.621
WO;1024;128;16;262144;0.0177;236.966
WO;1024;256;16;262144;0.01776;236.166

RW;1024;64;16;524288;0.05429;309.03
RW;1024;128;16;524288;0.04427;378.975
RW;1024;256;16;524288;0.0455;368.73
RW;1024;512;16;524288;0.046089;364.018

WO;1024;64;16;524288;0.02919;287.38
WO;1024;128;16;524288;0.02767;303.166
WO;1024;256;16;524288;0.02703;310.344
WO;1024;512;16;524288;0.02294;365.676

RW;1024;64;16;1048576;0.093239;359.875
RW;1024;128;16;1048576;0.083379;402.433
RW;1024;256;16;1048576;0.08403;399.315
RW;1024;512;16;1048576;0.081359;412.424
RW;1024;1024;16;1048576;0.08421;398.461

WO;1024;64;16;1048576;0.06756;248.331
WO;1024;128;16;1048576;0.051789;323.953
WO;1024;256;16;1048576;0.04687;357.952
WO;1024;512;16;1048576;0.044709;375.254
WO;1024;1024;16;1048576;0.04579;366.395

RW;1024;64;16;2097152;0.163059;411.562
RW;1024;128;16;2097152;0.155939;430.353
RW;1024;256;16;2097152;0.161338;415.952
RW;1024;512;16;2097152;0.161819;414.716
RW;1024;1024;16;2097152;0.161278;416.107
RW;1024;2048;16;2097152;0.161799;414.767

WO;1024;64;16;2097152;0.161239;208.104
WO;1024;128;16;2097152;0.130418;257.284
WO;1024;256;16;2097152;0.095989;349.565
WO;1024;512;16;2097152;0.087069;385.377
WO;1024;1024;16;2097152;0.085059;394.484
WO;1024;2048;16;2097152;0.084899;395.228

RW;1024;64;16;4194304;0.357837;375.081
RW;1024;128;16;4194304;0.324007;414.243
RW;1024;256;16;4194304;0.329717;407.069
RW;1024;512;16;4194304;0.329117;407.812
RW;1024;1024;16;4194304;0.323127;415.371
RW;1024;2048;16;4194304;0.324577;413.516
RW;1024;4096;16;4194304;0.324787;413.248

WO;1024;64;16;4194304;0.325297;206.3
WO;1024;128;16;4194304;0.333797;201.047
WO;1024;256;16;4194304;0.275488;243.6
WO;1024;512;16;4194304;0.183958;364.805
WO;1024;1024;16;4194304;0.165309;405.96
WO;1024;2048;16;4194304;0.161949;414.383
WO;1024;4096;16;4194304;0.160479;418.178

RW;1024;64;16;8388608;0.664744;403.818
RW;1024;128;16;8388608;0.631844;424.845
RW;1024;256;16;8388608;0.637284;421.218
RW;1024;512;16;8388608;0.631635;424.985
RW;1024;1024;16;8388608;0.632005;424.736
RW;1024;2048;16;8388608;0.630614;425.673
RW;1024;4096;16;8388608;0.630994;425.417
RW;1024;8192;16;8388608;0.633574;423.684

WO;1024;64;16;8388608;0.631144;212.658
WO;1024;128;16;8388608;0.644984;208.095
WO;1024;256;16;8388608;0.641854;209.109
WO;1024;512;16;8388608;0.533395;251.629
WO;1024;1024;16;8388608;0.369626;363.118
WO;1024;2048;16;8388608;0.331897;404.396
WO;1024;4096;16;8388608;0.324097;414.128
WO;1024;8192;16;8388608;0.323478;414.921

RW;1024;64;16;16777216;1.31954;406.863
RW;1024;128;16;16777216;1.30794;410.471
RW;1024;256;16;16777216;1.31253;409.036
RW;1024;512;16;16777216;1.30851;410.292
RW;1024;1024;16;16777216;1.31073;409.598
RW;1024;2048;16;16777216;1.30596;411.093
RW;1024;4096;16;16777216;1.3067;410.861
RW;1024;8192;16;16777216;1.2888;416.567
RW;1024;16384;16;16777216;1.30482;411.452

WO;1024;64;16;16777216;1.29173;207.811
WO;1024;128;16;16777216;1.29854;206.721
WO;1024;256;16;16777216;1.31624;203.941
WO;1024;512;16;16777216;1.31808;203.657
WO;1024;1024;16;16777216;1.17101;229.234
WO;1024;2048;16;16777216;0.714003;375.958
WO;1024;4096;16;16777216;0.646695;415.088
WO;1024;8192;16;16777216;0.629404;426.491
WO;1024;16384;16;16777216;0.628175;427.326

RW;1024;64;16;33554432;2.55909;419.58
RW;1024;128;16;33554432;2.53165;424.128
RW;1024;256;16;33554432;2.51729;426.547
RW;1024;512;16;33554432;2.52964;424.465
RW;1024;1024;16;33554432;2.52942;424.502
RW;1024;2048;16;33554432;2.51319;427.243
RW;1024;4096;16;33554432;2.52947;424.493
RW;1024;8192;16;33554432;2.53144;424.163
RW;1024;16384;16;33554432;2.51437;427.042
RW;1024;32768;16;33554432;2.52754;424.817

WO;1024;64;16;33554432;2.53086;212.13
WO;1024;128;16;33554432;2.53473;211.806
WO;1024;256;16;33554432;2.5371;211.608
WO;1024;512;16;33554432;2.54176;211.22
WO;1024;1024;16;33554432;2.52249;212.834
WO;1024;2048;16;33554432;2.05481;261.275
WO;1024;4096;16;33554432;1.47544;363.872
WO;1024;8192;16;33554432;1.32043;406.588
WO;1024;16384;16;33554432;1.28907;416.48
WO;1024;32768;16;33554432;1.2878;416.89

RW;1024;64;16;67108864;5.05796;424.575
RW;1024;128;16;67108864;4.97533;431.627
RW;1024;256;16;67108864;4.98298;430.964
RW;1024;512;16;67108864;4.98011;431.212
RW;1024;1024;16;67108864;4.98251;431.004
RW;1024;2048;16;67108864;4.9752;431.638
RW;1024;4096;16;67108864;4.98719;430.6
RW;1024;8192;16;67108864;4.97671;431.507
RW;1024;16384;16;67108864;4.98549;430.747
RW;1024;32768;16;67108864;4.95456;433.436
RW;1024;65536;16;67108864;4.9734;431.793

WO;1024;64;16;67108864;4.98044;215.592
WO;1024;128;16;67108864;4.97766;215.712
WO;1024;256;16;67108864;4.98679;215.317
WO;1024;512;16;67108864;4.97335;215.899
WO;1024;1024;16;67108864;4.95904;216.522
WO;1024;2048;16;67108864;4.98508;215.391
WO;1024;4096;16;67108864;4.03148;266.34
WO;1024;8192;16;67108864;2.86757;374.443
WO;1024;16384;16;67108864;2.57322;417.276
WO;1024;32768;16;67108864;2.51022;427.748
WO;1024;65536;16;67108864;2.50599;428.47

RW;1024;64;16;134217728;10.0519;427.281
RW;1024;128;16;134217728;9.86661;435.303
RW;1024;256;16;134217728;9.8576;435.701
RW;1024;512;16;134217728;9.88226;434.614
RW;1024;1024;16;134217728;9.87685;434.852
RW;1024;2048;16;134217728;9.87918;434.749
RW;1024;4096;16;134217728;9.86275;435.473
RW;1024;8192;16;134217728;9.85749;435.706
RW;1024;16384;16;134217728;9.85065;436.008
RW;1024;32768;16;134217728;9.84631;436.201
RW;1024;65536;16;134217728;9.85007;436.034
RW;1024;131072;16;134217728;9.86534;435.359

WO;1024;64;16;134217728;9.85908;217.818
WO;1024;128;16;134217728;9.88598;217.225
WO;1024;256;16;134217728;9.85943;217.81
WO;1024;512;16;134217728;9.8927;217.078
WO;1024;1024;16;134217728;9.87907;217.377
WO;1024;2048;16;134217728;9.8749;217.469
WO;1024;4096;16;134217728;9.8775;217.412
WO;1024;8192;16;134217728;8.07935;265.799
WO;1024;16384;16;134217728;5.66025;379.397
WO;1024;32768;16;134217728;5.0989;421.166
WO;1024;65536;16;134217728;4.9521;433.651
WO;1024;131072;16;134217728;4.94975;433.857

