type;block_size;block_num;elem_size;elem_num;mintime;throughput
RW;64;14;16;896;0.011296;2.53824

WO;64;14;16;896;0.010624;1.3494

RW;64;14;16;1792;0.012032;4.76596
RW;64;28;16;1792;0.011328;5.06215

WO;64;14;16;1792;0.011136;2.57471
WO;64;28;16;1792;0.01056;2.71515

RW;64;14;16;3584;0.013024;8.8059
RW;64;28;16;3584;0.012192;9.40682
RW;64;56;16;3584;0.010304;11.1304

WO;64;14;16;3584;0.01136;5.04789
WO;64;28;16;3584;0.01088;5.27059
WO;64;56;16;3584;0.011168;5.13467

RW;64;14;16;7168;0.014432;15.8936
RW;64;28;16;7168;0.012736;18.0101
RW;64;56;16;7168;0.012352;18.5699
RW;64;112;16;7168;0.011168;20.5387

WO;64;14;16;7168;0.011808;9.71274
WO;64;28;16;7168;0.009984;11.4872
WO;64;56;16;7168;0.011072;10.3584
WO;64;112;16;7168;0.01072;10.6985

RW;64;14;16;14336;0.018336;25.0192
RW;64;28;16;14336;0.0144;31.8578
RW;64;56;16;14336;0.012768;35.9298
RW;64;112;16;14336;0.01216;37.7263
RW;64;224;16;14336;0.012128;37.8259

WO;64;14;16;14336;0.013504;16.9858
WO;64;28;16;14336;0.01184;19.373
WO;64;56;16;14336;0.011168;20.5387
WO;64;112;16;14336;0.011008;20.8372
WO;64;224;16;14336;0.01088;21.0824

RW;64;14;16;28672;0.0264;34.7539
RW;64;28;16;28672;0.018528;49.5199
RW;64;56;16;28672;0.014688;62.4662
RW;64;112;16;28672;0.012768;71.8596
RW;64;224;16;28672;0.012544;73.1429
RW;64;448;16;28672;0.012608;72.7716

WO;64;14;16;28672;0.016448;27.891
WO;64;28;16;28672;0.01344;34.1333
WO;64;56;16;28672;0.011904;38.5376
WO;64;112;16;28672;0.011936;38.4343
WO;64;224;16;28672;0.011872;38.6415
WO;64;448;16;28672;0.011872;38.6415

RW;64;14;16;57344;0.053536;34.2761
RW;64;28;16;57344;0.033088;55.4584
RW;64;56;16;57344;0.025184;72.864
RW;64;112;16;57344;0.02224;82.5094
RW;64;224;16;57344;0.019936;92.0449
RW;64;448;16;57344;0.02048;89.6
RW;64;896;16;57344;0.020736;88.4938

WO;64;14;16;57344;0.023008;39.8776
WO;64;28;16;57344;0.016672;55.0326
WO;64;56;16;57344;0.013984;65.611
WO;64;112;16;57344;0.013408;68.4296
WO;64;224;16;57344;0.013472;68.1045
WO;64;448;16;57344;0.013536;67.7825
WO;64;896;16;57344;0.013472;68.1045

RW;64;14;16;114688;0.096768;37.9259
RW;64;28;16;114688;0.056256;65.2378
RW;64;56;16;114688;0.03904;94.0066
RW;64;112;16;114688;0.033856;108.401
RW;64;224;16;114688;0.030848;118.971
RW;64;448;16;114688;0.030656;119.716
RW;64;896;16;114688;0.028736;127.715
RW;64;1792;16;114688;0.029888;122.792

WO;64;14;16;114688;0.035648;51.4758
WO;64;28;16;114688;0.023136;79.314
WO;64;56;16;114688;0.017408;105.412
WO;64;112;16;114688;0.017088;107.386
WO;64;224;16;114688;0.017088;107.386
WO;64;448;16;114688;0.017376;105.606
WO;64;896;16;114688;0.017344;105.801
WO;64;1792;16;114688;0.017248;106.39

RW;64;14;16;229376;0.181152;40.5186
RW;64;28;16;229376;0.102304;71.7473
RW;64;56;16;229376;0.06848;107.185
RW;64;112;16;229376;0.055424;132.434
RW;64;224;16;229376;0.047552;154.358
RW;64;448;16;229376;0.050816;144.443
RW;64;896;16;229376;0.0504;145.636
RW;64;1792;16;229376;0.049664;147.794
RW;64;3584;16;229376;0.049312;148.849

WO;64;14;16;229376;0.060768;60.3939
WO;64;28;16;229376;0.035808;102.492
WO;64;56;16;229376;0.026048;140.894
WO;64;112;16;229376;0.025856;141.941
WO;64;224;16;229376;0.025888;141.765
WO;64;448;16;229376;0.025664;143.002
WO;64;896;16;229376;0.025728;142.647
WO;64;1792;16;229376;0.02528;145.175
WO;64;3584;16;229376;0.025408;144.443

RW;64;14;16;458752;0.352832;41.6064
RW;64;28;16;458752;0.190368;77.1141
RW;64;56;16;458752;0.121984;120.344
RW;64;112;16;458752;0.102176;143.674
RW;64;224;16;458752;0.09216;159.289
RW;64;448;16;458752;0.087552;167.673
RW;64;896;16;458752;0.090912;161.476
RW;64;1792;16;458752;0.08992;163.257
RW;64;3584;16;458752;0.088512;165.854
RW;64;7168;16;458752;0.08864;165.614

WO;64;14;16;458752;0.110656;66.332
WO;64;28;16;458752;0.060704;120.915
WO;64;56;16;458752;0.04656;157.647
WO;64;112;16;458752;0.04624;158.738
WO;64;224;16;458752;0.046176;158.958
WO;64;448;16;458752;0.046304;158.518
WO;64;896;16;458752;0.045024;163.025
WO;64;1792;16;458752;0.045664;160.74
WO;64;3584;16;458752;0.045408;161.646
WO;64;7168;16;458752;0.045152;162.563

RW;64;14;16;917504;0.695808;42.1957
RW;64;28;16;917504;0.402464;72.9509
RW;64;56;16;917504;0.249376;117.734
RW;64;112;16;917504;0.191552;153.275
RW;64;224;16;917504;0.175264;167.519
RW;64;448;16;917504;0.179264;163.782
RW;64;896;16;917504;0.177984;164.959
RW;64;1792;16;917504;0.177952;164.989
RW;64;3584;16;917504;0.173536;169.188
RW;64;7168;16;917504;0.169152;173.572
RW;64;14336;16;917504;0.167328;175.465

WO;64;14;16;917504;0.211776;69.3188
WO;64;28;16;917504;0.110624;132.702
WO;64;56;16;917504;0.087232;168.288
WO;64;112;16;917504;0.086912;168.907
WO;64;224;16;917504;0.086528;169.657
WO;64;448;16;917504;0.08528;172.14
WO;64;896;16;917504;0.086432;169.845
WO;64;1792;16;917504;0.085696;171.304
WO;64;3584;16;917504;0.084672;173.376
WO;64;7168;16;917504;0.084064;174.63
WO;64;14336;16;917504;0.080128;183.208

RW;64;14;16;1835008;1.38368;42.4377
RW;64;28;16;1835008;0.73072;80.3595
RW;64;56;16;1835008;0.450976;130.207
RW;64;112;16;1835008;0.3776;155.509
RW;64;224;16;1835008;0.353696;166.019
RW;64;448;16;1835008;0.36368;161.461
RW;64;896;16;1835008;0.362752;161.874
RW;64;1792;16;1835008;0.364224;161.22
RW;64;3584;16;1835008;0.3592;163.475
RW;64;7168;16;1835008;0.344256;170.571
RW;64;14336;16;1835008;0.33536;175.096
RW;64;28672;16;1835008;0.329152;178.399

WO;64;14;16;1835008;0.416096;70.5609
WO;64;28;16;1835008;0.211424;138.868
WO;64;56;16;1835008;0.168096;174.663
WO;64;112;16;1835008;0.168224;174.53
WO;64;224;16;1835008;0.166976;175.834
WO;64;448;16;1835008;0.166848;175.969
WO;64;896;16;1835008;0.168544;174.199
WO;64;1792;16;1835008;0.167552;175.23
WO;64;3584;16;1835008;0.166048;176.817
WO;64;7168;16;1835008;0.163424;179.656
WO;64;14336;16;1835008;0.161984;181.253
WO;64;28672;16;1835008;0.162144;181.074

RW;64;14;16;3670016;2.74659;42.7586
RW;64;28;16;3670016;1.61011;72.9393
RW;64;56;16;3670016;0.974592;120.502
RW;64;112;16;3670016;0.754784;155.595
RW;64;224;16;3670016;0.715904;164.045
RW;64;448;16;3670016;0.721088;162.866
RW;64;896;16;3670016;0.729728;160.937
RW;64;1792;16;3670016;0.720992;162.887
RW;64;3584;16;3670016;0.715168;164.214
RW;64;7168;16;3670016;0.711584;165.041
RW;64;14336;16;3670016;0.690656;170.042
RW;64;28672;16;3670016;0.66848;175.683
RW;64;57344;16;3670016;0.653504;179.709

WO;64;14;16;3670016;0.812;72.3156
WO;64;28;16;3670016;0.413856;141.886
WO;64;56;16;3670016;0.340448;172.479
WO;64;112;16;3670016;0.324128;181.164
WO;64;224;16;3670016;0.334528;175.532
WO;64;448;16;3670016;0.333344;176.155
WO;64;896;16;3670016;0.3312;177.295
WO;64;1792;16;3670016;0.332384;176.664
WO;64;3584;16;3670016;0.333824;175.902
WO;64;7168;16;3670016;0.32384;181.325
WO;64;14336;16;3670016;0.323168;181.702
WO;64;28672;16;3670016;0.319552;183.758
WO;64;57344;16;3670016;0.313472;187.322

RW;64;14;16;7340032;5.48938;42.7883
RW;64;28;16;7340032;2.90246;80.9247
RW;64;56;16;7340032;1.78934;131.267
RW;64;112;16;7340032;1.50349;156.224
RW;64;224;16;7340032;1.43603;163.563
RW;64;448;16;7340032;1.43802;163.337
RW;64;896;16;7340032;1.44963;162.028
RW;64;1792;16;7340032;1.45478;161.454
RW;64;3584;16;7340032;1.46134;160.729
RW;64;7168;16;7340032;1.4425;162.83
RW;64;14336;16;7340032;1.4097;166.618
RW;64;28672;16;7340032;1.36173;172.487
RW;64;57344;16;7340032;1.31696;178.351
RW;64;114688;16;7340032;1.29117;181.914

WO;64;14;16;7340032;1.61696;72.6304
WO;64;28;16;7340032;0.81392;144.29
WO;64;56;16;7340032;0.666816;176.121
WO;64;112;16;7340032;0.65792;178.503
WO;64;224;16;7340032;0.655424;179.183
WO;64;448;16;7340032;0.656224;178.964
WO;64;896;16;7340032;0.667808;175.86
WO;64;1792;16;7340032;0.66512;176.57
WO;64;3584;16;7340032;0.671584;174.871
WO;64;7168;16;7340032;0.663488;177.005
WO;64;14336;16;7340032;0.653184;179.797
WO;64;28672;16;7340032;0.64224;182.861
WO;64;57344;16;7340032;0.63088;186.153
WO;64;114688;16;7340032;0.63856;183.915

RW;64;14;16;14680064;10.9449;42.9207
RW;64;28;16;14680064;6.46224;72.6934
RW;64;56;16;14680064;3.9249;119.688
RW;64;112;16;14680064;3.02131;155.483
RW;64;224;16;14680064;2.90403;161.762
RW;64;448;16;14680064;2.91382;161.218
RW;64;896;16;14680064;2.90883;161.495
RW;64;1792;16;14680064;2.91408;161.204
RW;64;3584;16;14680064;2.93274;160.179
RW;64;7168;16;14680064;2.91482;161.164
RW;64;14336;16;14680064;2.88234;162.98
RW;64;28672;16;14680064;2.81584;166.828
RW;64;57344;16;14680064;2.7041;173.722
RW;64;114688;16;14680064;2.62422;179.01
RW;64;229376;16;14680064;2.57318;182.561

WO;64;14;16;14680064;3.21424;73.0751
WO;64;28;16;14680064;1.61741;145.221
WO;64;56;16;14680064;1.3353;175.902
WO;64;112;16;14680064;1.32259;177.591
WO;64;224;16;14680064;1.31626;178.446
WO;64;448;16;14680064;1.31866;178.122
WO;64;896;16;14680064;1.31587;178.498
WO;64;1792;16;14680064;1.32627;177.099
WO;64;3584;16;14680064;1.32246;177.609
WO;64;7168;16;14680064;1.32189;177.686
WO;64;14336;16;14680064;1.31194;179.034
WO;64;28672;16;14680064;1.28982;182.103
WO;64;57344;16;14680064;1.26326;185.932
WO;64;114688;16;14680064;1.26106;186.257
WO;64;229376;16;14680064;1.2591;186.546

RW;64;14;16;29360128;21.8895;42.9213
RW;64;28;16;29360128;11.6323;80.7684
RW;64;56;16;29360128;7.17504;130.943
RW;64;112;16;29360128;6.07712;154.6
RW;64;224;16;29360128;5.82698;161.237
RW;64;448;16;29360128;5.83731;160.951
RW;64;896;16;29360128;5.82944;161.169
RW;64;1792;16;29360128;5.85091;160.577
RW;64;3584;16;29360128;5.84582;160.717
RW;64;7168;16;29360128;5.85501;160.465
RW;64;14336;16;29360128;5.81392;161.599
RW;64;28672;16;29360128;5.72406;164.136
RW;64;57344;16;29360128;5.59859;167.814
RW;64;114688;16;29360128;5.38643;174.424
RW;64;229376;16;29360128;5.24682;179.066
RW;64;458752;16;29360128;5.1376;182.872

WO;64;14;16;29360128;6.41939;73.1786
WO;64;28;16;29360128;3.2144;146.143
WO;64;56;16;29360128;2.65622;176.853
WO;64;112;16;29360128;2.64525;177.587
WO;64;224;16;29360128;2.63846;178.044
WO;64;448;16;29360128;2.62928;178.666
WO;64;896;16;29360128;2.64051;177.906
WO;64;1792;16;29360128;2.66592;176.21
WO;64;3584;16;29360128;2.64915;177.325
WO;64;7168;16;29360128;2.6449;177.611
WO;64;14336;16;29360128;2.6432;177.725
WO;64;28672;16;29360128;2.612;179.848
WO;64;57344;16;29360128;2.57168;182.667
WO;64;114688;16;29360128;2.51427;186.838
WO;64;229376;16;29360128;2.49363;188.385
WO;64;458752;16;29360128;2.50566;187.48

RW;64;14;16;58720256;43.7497;42.9499
RW;64;28;16;58720256;26.0159;72.2268
RW;64;56;16;58720256;15.5214;121.062
RW;64;112;16;58720256;12.213;153.857
RW;64;224;16;58720256;11.6834;160.83
RW;64;448;16;58720256;11.7141;160.409
RW;64;896;16;58720256;11.6855;160.802
RW;64;1792;16;58720256;11.7497;159.923
RW;64;3584;16;58720256;11.7344;160.132
RW;64;7168;16;58720256;11.6923;160.708
RW;64;14336;16;58720256;11.6926;160.703
RW;64;28672;16;58720256;11.6093;161.857
RW;64;57344;16;58720256;11.4451;164.179
RW;64;114688;16;58720256;11.158;168.403
RW;64;229376;16;58720256;10.7521;174.762
RW;64;458752;16;58720256;10.4688;179.49
RW;64;917504;16;58720256;10.2507;183.309

WO;64;14;16;58720256;12.8189;73.2922
WO;64;28;16;58720256;6.41706;146.41
WO;64;56;16;58720256;5.33238;176.192
WO;64;112;16;58720256;5.29094;177.572
WO;64;224;16;58720256;5.29238;177.524
WO;64;448;16;58720256;5.28685;177.71
WO;64;896;16;58720256;5.28099;177.907
WO;64;1792;16;58720256;5.33043;176.257
WO;64;3584;16;58720256;5.32806;176.335
WO;64;7168;16;58720256;5.29834;177.324
WO;64;14336;16;58720256;5.29318;177.497
WO;64;28672;16;58720256;5.2839;177.809
WO;64;57344;16;58720256;5.22563;179.791
WO;64;114688;16;58720256;5.12877;183.187
WO;64;229376;16;58720256;5.01309;187.414
WO;64;458752;16;58720256;4.99168;188.218
WO;64;917504;16;58720256;5.00922;187.559

RW;64;14;16;117440512;87.5598;42.9204
RW;64;28;16;117440512;46.7002;80.4729
RW;64;56;16;117440512;28.82;130.399
RW;64;112;16;117440512;24.4842;153.491
RW;64;224;16;117440512;23.4281;160.41
RW;64;448;16;117440512;23.4497;160.262
RW;64;896;16;117440512;23.4347;160.365
RW;64;1792;16;117440512;23.3078;161.238
RW;64;3584;16;117440512;23.3996;160.605
RW;64;7168;16;117440512;23.4166;160.489
RW;64;14336;16;117440512;23.4075;160.551
RW;64;28672;16;117440512;23.3781;160.753
RW;64;57344;16;117440512;23.2182;161.86
RW;64;114688;16;117440512;22.8943;164.15
RW;64;229376;16;117440512;22.3378;168.24
RW;64;458752;16;117440512;21.4036;175.583
RW;64;917504;16;117440512;20.7283;181.303
RW;64;1835008;16;117440512;20.4213;184.028

WO;64;14;16;117440512;25.6341;73.3026
WO;64;28;16;117440512;12.8234;146.533
WO;64;56;16;117440512;10.672;176.073
WO;64;112;16;117440512;10.617;176.986
WO;64;224;16;117440512;10.5936;177.376
WO;64;448;16;117440512;10.5732;177.717
WO;64;896;16;117440512;10.5849;177.522
WO;64;1792;16;117440512;10.7105;175.439
WO;64;3584;16;117440512;10.656;176.338
WO;64;7168;16;117440512;10.5799;177.605
WO;64;14336;16;117440512;10.6122;177.065
WO;64;28672;16;117440512;10.5527;178.063
WO;64;57344;16;117440512;10.5735;177.713
WO;64;114688;16;117440512;10.4553;179.722
WO;64;229376;16;117440512;10.2476;183.364
WO;64;458752;16;117440512;10.0118;187.684
WO;64;917504;16;117440512;9.96534;188.558
WO;64;1835008;16;117440512;9.99638;187.973

RW;128;14;16;1792;0.010592;5.4139

WO;128;14;16;1792;0.007648;3.74895

RW;128;14;16;3584;0.011488;9.98329
RW;128;28;16;3584;0.011264;10.1818

WO;128;14;16;3584;0.011136;5.14943
WO;128;28;16;3584;0.01056;5.4303

RW;128;14;16;7168;0.012928;17.7426
RW;128;28;16;7168;0.011936;19.2172
RW;128;56;16;7168;0.011296;20.3059

WO;128;14;16;7168;0.009824;11.6743
WO;128;28;16;7168;0.011104;10.3285
WO;128;56;16;7168;0.010784;10.635

RW;128;14;16;14336;0.01456;31.5077
RW;128;28;16;14336;0.012352;37.1399
RW;128;56;16;14336;0.011936;38.4343
RW;128;112;16;14336;0.011968;38.3316

WO;128;14;16;14336;0.00816;28.1098
WO;128;28;16;14336;0.01008;22.7556
WO;128;56;16;14336;0.011328;20.2486
WO;128;112;16;14336;0.011072;20.7168

RW;128;14;16;28672;0.017504;52.4168
RW;128;28;16;28672;0.014816;61.9266
RW;128;56;16;28672;0.012864;71.3234
RW;128;112;16;28672;0.012704;72.2217
RW;128;224;16;28672;0.012768;71.8596

WO;128;14;16;28672;0.013504;33.9716
WO;128;28;16;28672;0.01184;38.7459
WO;128;56;16;28672;0.011808;38.8509
WO;128;112;16;28672;0.011808;38.8509
WO;128;224;16;28672;0.011904;38.5376

RW;128;14;16;57344;0.033824;54.2517
RW;128;28;16;57344;0.024768;74.0879
RW;128;56;16;57344;0.021728;84.4536
RW;128;112;16;57344;0.020128;91.1669
RW;128;224;16;57344;0.018656;98.3602
RW;128;448;16;57344;0.018208;100.78

WO;128;14;16;57344;0.016736;54.8222
WO;128;28;16;57344;0.01344;68.2667
WO;128;56;16;57344;0.013504;67.9431
WO;128;112;16;57344;0.013536;67.7825
WO;128;224;16;57344;0.013568;67.6226
WO;128;448;16;57344;0.013568;67.6226

RW;128;14;16;114688;0.056224;65.2749
RW;128;28;16;114688;0.036064;101.764
RW;128;56;16;114688;0.033312;110.171
RW;128;112;16;114688;0.02992;122.661
RW;128;224;16;114688;0.027488;133.513
RW;128;448;16;114688;0.028064;130.773
RW;128;896;16;114688;0.02656;138.178

WO;128;14;16;114688;0.023104;79.4238
WO;128;28;16;114688;0.017312;105.996
WO;128;56;16;114688;0.017472;105.026
WO;128;112;16;114688;0.016832;109.019
WO;128;224;16;114688;0.017408;105.412
WO;128;448;16;114688;0.017088;107.386
WO;128;896;16;114688;0.017408;105.412

RW;128;14;16;229376;0.100736;72.864
RW;128;28;16;229376;0.0672;109.227
RW;128;56;16;229376;0.056;131.072
RW;128;112;16;229376;0.051328;143.002
RW;128;224;16;229376;0.046752;156.999
RW;128;448;16;229376;0.046624;157.43
RW;128;896;16;229376;0.04592;159.844
RW;128;1792;16;229376;0.044704;164.192

WO;128;14;16;229376;0.036128;101.584
WO;128;28;16;229376;0.025632;143.181
WO;128;56;16;229376;0.025856;141.941
WO;128;112;16;229376;0.02592;141.59
WO;128;224;16;229376;0.025952;141.416
WO;128;448;16;229376;0.025696;142.824
WO;128;896;16;229376;0.02592;141.59
WO;128;1792;16;229376;0.025664;143.002

RW;128;14;16;458752;0.190944;76.8815
RW;128;28;16;458752;0.12272;119.622
RW;128;56;16;458752;0.100608;145.913
RW;128;112;16;458752;0.092672;158.409
RW;128;224;16;458752;0.090304;162.563
RW;128;448;16;458752;0.089856;163.373
RW;128;896;16;458752;0.085248;172.204
RW;128;1792;16;458752;0.086464;169.782
RW;128;3584;16;458752;0.085504;171.689

WO;128;14;16;458752;0.060704;120.915
WO;128;28;16;458752;0.04624;158.738
WO;128;56;16;458752;0.045952;159.733
WO;128;112;16;458752;0.04576;160.403
WO;128;224;16;458752;0.046272;158.628
WO;128;448;16;458752;0.04576;160.403
WO;128;896;16;458752;0.045824;160.179
WO;128;1792;16;458752;0.045248;162.218
WO;128;3584;16;458752;0.04528;162.103

RW;128;14;16;917504;0.370208;79.3071
RW;128;28;16;917504;0.235008;124.932
RW;128;56;16;917504;0.190016;154.514
RW;128;112;16;917504;0.17552;167.275
RW;128;224;16;917504;0.177696;165.227
RW;128;448;16;917504;0.176576;166.275
RW;128;896;16;917504;0.1744;168.349
RW;128;1792;16;917504;0.172576;170.129
RW;128;3584;16;917504;0.17056;172.14
RW;128;7168;16;917504;0.168288;174.464

WO;128;14;16;917504;0.110592;132.741
WO;128;28;16;917504;0.087488;167.795
WO;128;56;16;917504;0.08608;170.54
WO;128;112;16;917504;0.086432;169.845
WO;128;224;16;917504;0.086624;169.469
WO;128;448;16;917504;0.084672;173.376
WO;128;896;16;917504;0.085536;171.624
WO;128;1792;16;917504;0.084832;173.049
WO;128;3584;16;917504;0.084256;174.232
WO;128;7168;16;917504;0.084032;174.696

RW;128;14;16;1835008;0.733792;80.023
RW;128;28;16;1835008;0.458368;128.107
RW;128;56;16;1835008;0.37904;154.918
RW;128;112;16;1835008;0.36128;162.534
RW;128;224;16;1835008;0.35808;163.986
RW;128;448;16;1835008;0.35904;163.548
RW;128;896;16;1835008;0.358496;163.796
RW;128;1792;16;1835008;0.351808;166.91
RW;128;3584;16;1835008;0.35456;165.614
RW;128;7168;16;1835008;0.341632;171.882
RW;128;14336;16;1835008;0.343136;171.128

WO;128;14;16;1835008;0.210944;139.184
WO;128;28;16;1835008;0.16832;174.43
WO;128;56;16;1835008;0.167008;175.801
WO;128;112;16;1835008;0.167072;175.733
WO;128;224;16;1835008;0.169696;173.016
WO;128;448;16;1835008;0.16768;175.096
WO;128;896;16;1835008;0.169152;173.572
WO;128;1792;16;1835008;0.165984;176.885
WO;128;3584;16;1835008;0.164384;178.607
WO;128;7168;16;1835008;0.16256;180.611
WO;128;14336;16;1835008;0.162816;180.327

RW;128;14;16;3670016;1.44749;81.134
RW;128;28;16;3670016;0.913504;128.56
RW;128;56;16;3670016;0.748;157.006
RW;128;112;16;3670016;0.718144;163.533
RW;128;224;16;3670016;0.722496;162.548
RW;128;448;16;3670016;0.723616;162.297
RW;128;896;16;3670016;0.721568;162.757
RW;128;1792;16;3670016;0.709504;165.525
RW;128;3584;16;3670016;0.699104;167.987
RW;128;7168;16;3670016;0.695072;168.962
RW;128;14336;16;3670016;0.683648;171.785
RW;128;28672;16;3670016;0.664544;176.723

WO;128;14;16;3670016;0.415904;141.187
WO;128;28;16;3670016;0.340928;172.237
WO;128;56;16;3670016;0.331904;176.919
WO;128;112;16;3670016;0.336864;174.314
WO;128;224;16;3670016;0.335872;174.829
WO;128;448;16;3670016;0.339008;173.212
WO;128;896;16;3670016;0.34288;171.256
WO;128;1792;16;3670016;0.33264;176.528
WO;128;3584;16;3670016;0.326208;180.009
WO;128;7168;16;3670016;0.323648;181.432
WO;128;14336;16;3670016;0.315328;186.22
WO;128;28672;16;3670016;0.321024;182.915

RW;128;14;16;7340032;2.90054;80.9783
RW;128;28;16;7340032;1.80778;129.928
RW;128;56;16;7340032;1.51142;155.404
RW;128;112;16;7340032;1.4399;163.123
RW;128;224;16;7340032;1.45046;161.935
RW;128;448;16;7340032;1.44448;162.606
RW;128;896;16;7340032;1.44922;162.075
RW;128;1792;16;7340032;1.45027;161.957
RW;128;3584;16;7340032;1.43933;163.188
RW;128;7168;16;7340032;1.41888;165.54
RW;128;14336;16;7340032;1.39174;168.767
RW;128;28672;16;7340032;1.35808;172.951
RW;128;57344;16;7340032;1.33939;175.364

WO;128;14;16;7340032;0.813408;144.381
WO;128;28;16;7340032;0.662496;177.27
WO;128;56;16;7340032;0.660128;177.906
WO;128;112;16;7340032;0.655936;179.043
WO;128;224;16;7340032;0.66912;175.515
WO;128;448;16;7340032;0.662592;177.244
WO;128;896;16;7340032;0.67296;174.513
WO;128;1792;16;7340032;0.670016;175.28
WO;128;3584;16;7340032;0.655232;179.235
WO;128;7168;16;7340032;0.647424;181.397
WO;128;14336;16;7340032;0.640736;183.29
WO;128;28672;16;7340032;0.63424;185.167
WO;128;57344;16;7340032;0.640704;183.299

RW;128;14;16;14680064;5.80202;80.9653
RW;128;28;16;14680064;3.63318;129.298
RW;128;56;16;14680064;3.00349;156.405
RW;128;112;16;14680064;2.90362;161.785
RW;128;224;16;14680064;2.91862;160.953
RW;128;448;16;14680064;2.91949;160.906
RW;128;896;16;14680064;2.91805;160.985
RW;128;1792;16;14680064;2.91219;161.309
RW;128;3584;16;14680064;2.89754;162.125
RW;128;7168;16;14680064;2.88102;163.054
RW;128;14336;16;14680064;2.82557;166.254
RW;128;28672;16;14680064;2.75971;170.221
RW;128;57344;16;14680064;2.69037;174.609
RW;128;114688;16;14680064;2.65171;177.154

WO;128;14;16;14680064;1.61584;145.362
WO;128;28;16;14680064;1.32749;176.936
WO;128;56;16;14680064;1.31686;178.364
WO;128;112;16;14680064;1.31536;178.568
WO;128;224;16;14680064;1.32739;176.949
WO;128;448;16;14680064;1.32253;177.6
WO;128;896;16;14680064;1.35136;173.811
WO;128;1792;16;14680064;1.32493;177.278
WO;128;3584;16;14680064;1.31725;178.312
WO;128;7168;16;14680064;1.29766;181.003
WO;128;14336;16;14680064;1.28816;182.338
WO;128;28672;16;14680064;1.26509;185.664
WO;128;57344;16;14680064;1.25923;186.527
WO;128;114688;16;14680064;1.26406;185.814

RW;128;14;16;29360128;11.6414;80.7054
RW;128;28;16;29360128;7.23296;129.895
RW;128;56;16;29360128;6.09178;154.228
RW;128;112;16;29360128;5.84205;160.821
RW;128;224;16;29360128;5.86528;160.184
RW;128;448;16;29360128;5.85798;160.384
RW;128;896;16;29360128;5.85155;160.56
RW;128;1792;16;29360128;5.84032;160.869
RW;128;3584;16;29360128;5.8216;161.386
RW;128;7168;16;29360128;5.81962;161.441
RW;128;14336;16;29360128;5.7161;164.365
RW;128;28672;16;29360128;5.63661;166.683
RW;128;57344;16;29360128;5.49139;171.09
RW;128;114688;16;29360128;5.39443;174.166
RW;128;229376;16;29360128;5.31885;176.641

WO;128;14;16;29360128;3.21334;146.191
WO;128;28;16;29360128;2.64557;177.566
WO;128;56;16;29360128;2.62941;178.657
WO;128;112;16;29360128;2.63107;178.544
WO;128;224;16;29360128;2.65312;177.06
WO;128;448;16;29360128;2.64778;177.418
WO;128;896;16;29360128;2.65014;177.259
WO;128;1792;16;29360128;2.65245;177.105
WO;128;3584;16;29360128;2.66275;176.42
WO;128;7168;16;29360128;2.64381;177.684
WO;128;14336;16;29360128;2.60173;180.558
WO;128;28672;16;29360128;2.57629;182.341
WO;128;57344;16;29360128;2.52547;186.01
WO;128;114688;16;29360128;2.5105;187.119
WO;128;229376;16;29360128;2.51606;186.705

RW;128;14;16;58720256;23.2692;80.7525
RW;128;28;16;58720256;14.5494;129.15
RW;128;56;16;58720256;12.0709;155.668
RW;128;112;16;58720256;11.7012;160.585
RW;128;224;16;58720256;11.7235;160.281
RW;128;448;16;58720256;11.7246;160.266
RW;128;896;16;58720256;11.7224;160.296
RW;128;1792;16;58720256;11.7104;160.46
RW;128;3584;16;58720256;11.6765;160.926
RW;128;7168;16;58720256;11.6675;161.049
RW;128;14336;16;58720256;11.6145;161.785
RW;128;28672;16;58720256;11.4995;163.403
RW;128;57344;16;58720256;11.251;167.012
RW;128;114688;16;58720256;11.0012;170.804
RW;128;229376;16;58720256;10.7989;174.003
RW;128;458752;16;58720256;10.5844;177.531

WO;128;14;16;58720256;6.42083;146.324
WO;128;28;16;58720256;5.31357;176.816
WO;128;56;16;58720256;5.29472;177.445
WO;128;112;16;58720256;5.2863;177.728
WO;128;224;16;58720256;5.31974;176.611
WO;128;448;16;58720256;5.30314;177.164
WO;128;896;16;58720256;5.32086;176.574
WO;128;1792;16;58720256;5.36;175.284
WO;128;3584;16;58720256;5.35181;175.553
WO;128;7168;16;58720256;5.31555;176.75
WO;128;14336;16;58720256;5.27043;178.263
WO;128;28672;16;58720256;5.21376;180.201
WO;128;57344;16;58720256;5.14618;182.567
WO;128;114688;16;58720256;5.0657;185.468
WO;128;229376;16;58720256;5.01088;187.497
WO;128;458752;16;58720256;5.02147;187.101

RW;128;14;16;117440512;46.6545;80.5516
RW;128;28;16;117440512;29.0022;129.58
RW;128;56;16;117440512;24.478;153.529
RW;128;112;16;117440512;23.4495;160.264
RW;128;224;16;117440512;23.4992;159.924
RW;128;448;16;117440512;23.4799;160.056
RW;128;896;16;117440512;23.488;160.001
RW;128;1792;16;117440512;23.4928;159.968
RW;128;3584;16;117440512;23.4057;160.563
RW;128;7168;16;117440512;23.4001;160.602
RW;128;14336;16;117440512;23.3734;160.785
RW;128;28672;16;117440512;23.2807;161.426
RW;128;57344;16;117440512;23.0162;163.281
RW;128;114688;16;117440512;22.4796;167.178
RW;128;229376;16;117440512;21.9463;171.241
RW;128;458752;16;117440512;21.4567;175.148
RW;128;917504;16;117440512;21.1973;177.291

WO;128;14;16;117440512;12.8213;146.556
WO;128;28;16;117440512;10.6572;176.316
WO;128;56;16;117440512;10.6049;177.187
WO;128;112;16;117440512;10.6049;177.187
WO;128;224;16;117440512;10.6448;176.523
WO;128;448;16;117440512;10.627;176.819
WO;128;896;16;117440512;10.7118;175.418
WO;128;1792;16;117440512;10.7162;175.346
WO;128;3584;16;117440512;10.6385;176.627
WO;128;7168;16;117440512;10.6549;176.355
WO;128;14336;16;117440512;10.6072;177.149
WO;128;28672;16;117440512;10.5641;177.871
WO;128;57344;16;117440512;10.4317;180.128
WO;128;114688;16;117440512;10.2802;182.784
WO;128;229376;16;117440512;10.0663;186.667
WO;128;458752;16;117440512;10.0004;187.898
WO;128;917504;16;117440512;10.0372;187.208

RW;256;14;16;3584;0.0112;10.24

WO;256;14;16;3584;0.010528;5.44681

RW;256;14;16;7168;0.011776;19.4783
RW;256;28;16;7168;0.011264;20.3636

WO;256;14;16;7168;0.010784;10.635
WO;256;28;16;7168;0.01088;10.5412

RW;256;14;16;14336;0.012608;36.3858
RW;256;28;16;14336;0.01152;39.8222
RW;256;56;16;14336;0.01088;42.1647

WO;256;14;16;14336;0.011008;20.8372
WO;256;28;16;14336;0.011072;20.7168
WO;256;56;16;14336;0.010112;22.6835

RW;256;14;16;28672;0.015072;60.8747
RW;256;28;16;28672;0.012864;71.3234
RW;256;56;16;28672;0.011488;79.8663
RW;256;112;16;28672;0.0128;71.68

WO;256;14;16;28672;0.011968;38.3316
WO;256;28;16;28672;0.011872;38.6415
WO;256;56;16;28672;0.010944;41.9181
WO;256;112;16;28672;0.011904;38.5376

RW;256;14;16;57344;0.025568;71.7697
RW;256;28;16;57344;0.02192;83.7139
RW;256;56;16;57344;0.019712;93.0909
RW;256;112;16;57344;0.018912;97.0288
RW;256;224;16;57344;0.019552;93.8527

WO;256;14;16;57344;0.013472;68.1045
WO;256;28;16;57344;0.013536;67.7825
WO;256;56;16;57344;0.0136;67.4635
WO;256;112;16;57344;0.013472;68.1045
WO;256;224;16;57344;0.013472;68.1045

RW;256;14;16;114688;0.039616;92.6397
RW;256;28;16;114688;0.033216;110.489
RW;256;56;16;114688;0.030208;121.492
RW;256;112;16;114688;0.026752;137.187
RW;256;224;16;114688;0.027488;133.513
RW;256;448;16;114688;0.026944;136.209

WO;256;14;16;114688;0.017408;105.412
WO;256;28;16;114688;0.017504;104.834
WO;256;56;16;114688;0.017184;106.786
WO;256;112;16;114688;0.017376;105.606
WO;256;224;16;114688;0.017152;106.985
WO;256;448;16;114688;0.014496;126.587

RW;256;14;16;229376;0.06816;107.688
RW;256;28;16;229376;0.055232;132.895
RW;256;56;16;229376;0.050432;145.543
RW;256;112;16;229376;0.046336;158.409
RW;256;224;16;229376;0.045856;160.067
RW;256;448;16;229376;0.046048;159.4
RW;256;896;16;229376;0.04576;160.403

WO;256;14;16;229376;0.02592;141.59
WO;256;28;16;229376;0.024448;150.115
WO;256;56;16;229376;0.026112;140.549
WO;256;112;16;229376;0.025792;142.293
WO;256;224;16;229376;0.025728;142.647
WO;256;448;16;229376;0.026208;140.034
WO;256;896;16;229376;0.025536;143.719

RW;256;14;16;458752;0.123328;119.033
RW;256;28;16;458752;0.10048;146.099
RW;256;56;16;458752;0.092128;159.344
RW;256;112;16;458752;0.0896;163.84
RW;256;224;16;458752;0.08848;165.914
RW;256;448;16;458752;0.088384;166.094
RW;256;896;16;458752;0.086784;169.156
RW;256;1792;16;458752;0.085728;171.24

WO;256;14;16;458752;0.0464;158.19
WO;256;28;16;458752;0.046112;159.178
WO;256;56;16;458752;0.045056;162.909
WO;256;112;16;458752;0.04624;158.738
WO;256;224;16;458752;0.045568;161.079
WO;256;448;16;458752;0.045664;160.74
WO;256;896;16;458752;0.045376;161.76
WO;256;1792;16;458752;0.045472;161.419

RW;256;14;16;917504;0.234752;125.069
RW;256;28;16;917504;0.191648;153.198
RW;256;56;16;917504;0.173664;169.063
RW;256;112;16;917504;0.1776;165.316
RW;256;224;16;917504;0.176384;166.456
RW;256;448;16;917504;0.176192;166.637
RW;256;896;16;917504;0.172864;169.845
RW;256;1792;16;917504;0.17136;171.336
RW;256;3584;16;917504;0.168032;174.729

WO;256;14;16;917504;0.088;166.819
WO;256;28;16;917504;0.08656;169.594
WO;256;56;16;917504;0.08688;168.969
WO;256;112;16;917504;0.087328;168.103
WO;256;224;16;917504;0.085984;170.73
WO;256;448;16;917504;0.086464;169.782
WO;256;896;16;917504;0.085408;171.882
WO;256;1792;16;917504;0.084608;173.507
WO;256;3584;16;917504;0.084192;174.364

RW;256;14;16;1835008;0.460768;127.44
RW;256;28;16;1835008;0.380672;154.254
RW;256;56;16;1835008;0.35472;165.54
RW;256;112;16;1835008;0.359168;163.49
RW;256;224;16;1835008;0.356448;164.737
RW;256;448;16;1835008;0.355168;165.331
RW;256;896;16;1835008;0.358784;163.665
RW;256;1792;16;1835008;0.347104;169.172
RW;256;3584;16;1835008;0.34032;172.544
RW;256;7168;16;1835008;0.34128;172.059

WO;256;14;16;1835008;0.168672;174.066
WO;256;28;16;1835008;0.167136;175.666
WO;256;56;16;1835008;0.167616;175.163
WO;256;112;16;1835008;0.169312;173.408
WO;256;224;16;1835008;0.166944;175.868
WO;256;448;16;1835008;0.169024;173.704
WO;256;896;16;1835008;0.166784;176.037
WO;256;1792;16;1835008;0.16432;178.677
WO;256;3584;16;1835008;0.162752;180.398
WO;256;7168;16;1835008;0.162432;180.753

RW;256;14;16;3670016;0.914976;128.354
RW;256;28;16;3670016;0.745248;157.586
RW;256;56;16;3670016;0.709952;165.42
RW;256;112;16;3670016;0.72896;161.107
RW;256;224;16;3670016;0.715872;164.052
RW;256;448;16;3670016;0.722112;162.635
RW;256;896;16;3670016;0.716864;163.825
RW;256;1792;16;3670016;0.71008;165.391
RW;256;3584;16;3670016;0.695776;168.791
RW;256;7168;16;3670016;0.680224;172.65
RW;256;14336;16;3670016;0.666848;176.113

WO;256;14;16;3670016;0.332256;176.732
WO;256;28;16;3670016;0.328704;178.642
WO;256;56;16;3670016;0.333536;176.054
WO;256;112;16;3670016;0.33776;173.852
WO;256;224;16;3670016;0.332864;176.409
WO;256;448;16;3670016;0.337728;173.868
WO;256;896;16;3670016;0.34096;172.22
WO;256;1792;16;3670016;0.325312;180.504
WO;256;3584;16;3670016;0.322656;181.99
WO;256;7168;16;3670016;0.320704;183.098
WO;256;14336;16;3670016;0.31552;186.106

RW;256;14;16;7340032;1.80662;130.011
RW;256;28;16;7340032;1.50147;156.434
RW;256;56;16;7340032;1.43898;163.228
RW;256;112;16;7340032;1.45853;161.04
RW;256;224;16;7340032;1.44992;161.996
RW;256;448;16;7340032;1.44944;162.049
RW;256;896;16;7340032;1.4409;163.01
RW;256;1792;16;7340032;1.42966;164.291
RW;256;3584;16;7340032;1.41645;165.824
RW;256;7168;16;7340032;1.38784;169.242
RW;256;14336;16;7340032;1.35542;173.29
RW;256;28672;16;7340032;1.33034;176.558

WO;256;14;16;7340032;0.662112;177.373
WO;256;28;16;7340032;0.664992;176.604
WO;256;56;16;7340032;0.65744;178.633
WO;256;112;16;7340032;0.667968;175.818
WO;256;224;16;7340032;0.662944;177.15
WO;256;448;16;7340032;0.67328;174.43
WO;256;896;16;7340032;0.663584;176.979
WO;256;1792;16;7340032;0.657408;178.642
WO;256;3584;16;7340032;0.648096;181.209
WO;256;7168;16;7340032;0.6416;183.043
WO;256;14336;16;7340032;0.634368;185.13
WO;256;28672;16;7340032;0.634304;185.149

RW;256;14;16;14680064;3.65949;128.368
RW;256;28;16;14680064;3.01824;155.641
RW;256;56;16;14680064;2.88707;162.712
RW;256;112;16;14680064;2.92957;160.352
RW;256;224;16;14680064;2.91315;161.256
RW;256;448;16;14680064;2.90896;161.488
RW;256;896;16;14680064;2.90294;161.823
RW;256;1792;16;14680064;2.88518;162.819
RW;256;3584;16;14680064;2.88096;163.057
RW;256;7168;16;14680064;2.83165;165.897
RW;256;14336;16;14680064;2.75306;170.633
RW;256;28672;16;14680064;2.69002;174.632
RW;256;57344;16;14680064;2.66131;176.515

WO;256;14;16;14680064;1.31507;178.607
WO;256;28;16;14680064;1.31168;179.069
WO;256;56;16;14680064;1.31507;178.607
WO;256;112;16;14680064;1.3273;176.962
WO;256;224;16;14680064;1.32531;177.227
WO;256;448;16;14680064;1.324;177.403
WO;256;896;16;14680064;1.32282;177.561
WO;256;1792;16;14680064;1.30886;179.454
WO;256;3584;16;14680064;1.30624;179.815
WO;256;7168;16;14680064;1.29027;182.04
WO;256;14336;16;14680064;1.27203;184.65
WO;256;28672;16;14680064;1.25949;186.489
WO;256;57344;16;14680064;1.26214;186.097

RW;256;14;16;29360128;7.2353;129.853
RW;256;28;16;29360128;6.0544;155.18
RW;256;56;16;29360128;5.82771;161.217
RW;256;112;16;29360128;5.8591;160.353
RW;256;224;16;29360128;5.85738;160.4
RW;256;448;16;29360128;5.8497;160.611
RW;256;896;16;29360128;5.82698;161.237
RW;256;1792;16;29360128;5.80429;161.867
RW;256;3584;16;29360128;5.79824;162.036
RW;256;7168;16;29360128;5.74947;163.41
RW;256;14336;16;29360128;5.62378;167.063
RW;256;28672;16;29360128;5.48858;171.178
RW;256;57344;16;29360128;5.39334;174.201
RW;256;114688;16;29360128;5.31475;176.777

WO;256;14;16;29360128;2.64922;177.321
WO;256;28;16;29360128;2.62762;178.779
WO;256;56;16;29360128;2.62438;178.999
WO;256;112;16;29360128;2.65728;176.783
WO;256;224;16;29360128;2.64368;177.692
WO;256;448;16;29360128;2.65994;176.607
WO;256;896;16;29360128;2.66502;176.269
WO;256;1792;16;29360128;2.6329;178.42
WO;256;3584;16;29360128;2.62918;178.672
WO;256;7168;16;29360128;2.60106;180.604
WO;256;14336;16;29360128;2.57162;182.672
WO;256;28672;16;29360128;2.53088;185.612
WO;256;57344;16;29360128;2.5153;186.762
WO;256;114688;16;29360128;2.51638;186.681

RW;256;14;16;58720256;14.6809;127.992
RW;256;28;16;58720256;12.218;153.794
RW;256;56;16;58720256;11.6991;160.615
RW;256;112;16;58720256;11.7386;160.075
RW;256;224;16;58720256;11.7275;160.226
RW;256;448;16;58720256;11.7203;160.325
RW;256;896;16;58720256;11.7153;160.393
RW;256;1792;16;58720256;11.6473;161.33
RW;256;3584;16;58720256;11.6378;161.46
RW;256;7168;16;58720256;11.6022;161.957
RW;256;14336;16;58720256;11.4887;163.556
RW;256;28672;16;58720256;11.3195;166.001
RW;256;57344;16;58720256;10.9847;171.06
RW;256;114688;16;58720256;10.7948;174.069
RW;256;229376;16;58720256;10.6015;177.244

WO;256;14;16;58720256;5.31194;176.87
WO;256;28;16;58720256;5.26426;178.472
WO;256;56;16;58720256;5.26077;178.591
WO;256;112;16;58720256;5.30726;177.026
WO;256;224;16;58720256;5.3095;176.951
WO;256;448;16;58720256;5.35504;175.447
WO;256;896;16;58720256;5.35597;175.416
WO;256;1792;16;58720256;5.25498;178.788
WO;256;3584;16;58720256;5.28848;177.655
WO;256;7168;16;58720256;5.25027;178.948
WO;256;14336;16;58720256;5.20826;180.391
WO;256;28672;16;58720256;5.15856;182.129
WO;256;57344;16;58720256;5.06758;185.399
WO;256;114688;16;58720256;5.0144;187.365
WO;256;229376;16;58720256;5.02592;186.936

RW;256;14;16;117440512;29.0104;129.543
RW;256;28;16;117440512;24.4331;153.812
RW;256;56;16;117440512;23.4412;160.32
RW;256;112;16;117440512;23.5085;159.861
RW;256;224;16;117440512;23.4779;160.07
RW;256;448;16;117440512;23.482;160.042
RW;256;896;16;117440512;23.4903;159.985
RW;256;1792;16;117440512;23.4007;160.598
RW;256;3584;16;117440512;23.3733;160.786
RW;256;7168;16;117440512;23.2967;161.314
RW;256;14336;16;117440512;23.2465;161.663
RW;256;28672;16;117440512;23.009;163.331
RW;256;57344;16;117440512;22.5196;166.881
RW;256;114688;16;117440512;21.9464;171.24
RW;256;229376;16;117440512;21.4408;175.278
RW;256;458752;16;117440512;21.0594;178.453

WO;256;14;16;117440512;10.6464;176.497
WO;256;28;16;117440512;10.5787;177.626
WO;256;56;16;117440512;10.5599;177.941
WO;256;112;16;117440512;10.6491;176.452
WO;256;224;16;117440512;10.6423;176.565
WO;256;448;16;117440512;10.7033;175.558
WO;256;896;16;117440512;10.7284;175.148
WO;256;1792;16;117440512;10.6082;177.132
WO;256;3584;16;117440512;10.5455;178.184
WO;256;7168;16;117440512;10.5669;177.824
WO;256;14336;16;117440512;10.5258;178.519
WO;256;28672;16;117440512;10.4325;180.115
WO;256;57344;16;117440512;10.2818;182.755
WO;256;114688;16;117440512;10.081;186.395
WO;256;229376;16;117440512;10.0123;187.675
WO;256;458752;16;117440512;10.0422;187.115

RW;512;14;16;7168;0.011136;20.5977

WO;512;14;16;7168;0.01072;10.6985

RW;512;14;16;14336;0.011936;38.4343
RW;512;28;16;14336;0.01184;38.7459

WO;512;14;16;14336;0.010912;21.0205
WO;512;28;16;14336;0.011104;20.6571

RW;512;14;16;28672;0.012928;70.9703
RW;512;28;16;28672;0.012512;73.3299
RW;512;56;16;28672;0.01264;72.5873

WO;512;14;16;28672;0.011904;38.5376
WO;512;28;16;28672;0.011552;39.7119
WO;512;56;16;28672;0.011712;39.1694

RW;512;14;16;57344;0.021984;83.4702
RW;512;28;16;57344;0.020064;91.4577
RW;512;56;16;57344;0.018624;98.5292
RW;512;112;16;57344;0.018912;97.0288

WO;512;14;16;57344;0.0136;67.4635
WO;512;28;16;57344;0.013184;69.5922
WO;512;56;16;57344;0.013376;68.5933
WO;512;112;16;57344;0.013568;67.6226

RW;512;14;16;114688;0.033568;109.331
RW;512;28;16;114688;0.030272;121.235
RW;512;56;16;114688;0.027104;135.405
RW;512;112;16;114688;0.026976;136.047
RW;512;224;16;114688;0.02864;128.143

WO;512;14;16;114688;0.01728;106.193
WO;512;28;16;114688;0.017312;105.996
WO;512;56;16;114688;0.017248;106.39
WO;512;112;16;114688;0.017248;106.39
WO;512;224;16;114688;0.017408;105.412

RW;512;14;16;229376;0.055552;132.129
RW;512;28;16;229376;0.051008;143.9
RW;512;56;16;229376;0.046848;156.678
RW;512;112;16;229376;0.04672;157.107
RW;512;224;16;229376;0.046304;158.518
RW;512;448;16;229376;0.045568;161.079

WO;512;14;16;229376;0.025664;143.002
WO;512;28;16;229376;0.025344;144.808
WO;512;56;16;229376;0.025952;141.416
WO;512;112;16;229376;0.02576;142.47
WO;512;224;16;229376;0.025728;142.647
WO;512;448;16;229376;0.024544;149.528

RW;512;14;16;458752;0.10016;146.566
RW;512;28;16;458752;0.09216;159.289
RW;512;56;16;458752;0.090176;162.793
RW;512;112;16;458752;0.088928;165.078
RW;512;224;16;458752;0.088096;166.637
RW;512;448;16;458752;0.086688;169.344
RW;512;896;16;458752;0.085024;172.658

WO;512;14;16;458752;0.046176;158.958
WO;512;28;16;458752;0.04608;159.289
WO;512;56;16;458752;0.046656;157.322
WO;512;112;16;458752;0.045888;159.955
WO;512;224;16;458752;0.045952;159.733
WO;512;448;16;458752;0.045856;160.067
WO;512;896;16;458752;0.04512;162.678

RW;512;14;16;917504;0.19152;153.301
RW;512;28;16;917504;0.174944;167.826
RW;512;56;16;917504;0.176576;166.275
RW;512;112;16;917504;0.174688;168.072
RW;512;224;16;917504;0.175232;167.55
RW;512;448;16;917504;0.173824;168.907
RW;512;896;16;917504;0.172096;170.603
RW;512;1792;16;917504;0.16816;174.596

WO;512;14;16;917504;0.086592;169.531
WO;512;28;16;917504;0.086912;168.907
WO;512;56;16;917504;0.0872;168.349
WO;512;112;16;917504;0.086304;170.097
WO;512;224;16;917504;0.086432;169.845
WO;512;448;16;917504;0.085696;171.304
WO;512;896;16;917504;0.084736;173.245
WO;512;1792;16;917504;0.08448;173.77

RW;512;14;16;1835008;0.378944;154.958
RW;512;28;16;1835008;0.348128;168.674
RW;512;56;16;1835008;0.364064;161.291
RW;512;112;16;1835008;0.36192;162.247
RW;512;224;16;1835008;0.361152;162.592
RW;512;448;16;1835008;0.35568;165.093
RW;512;896;16;1835008;0.346848;169.297
RW;512;1792;16;1835008;0.348992;168.257
RW;512;3584;16;1835008;0.336672;174.414

WO;512;14;16;1835008;0.16704;175.767
WO;512;28;16;1835008;0.167616;175.163
WO;512;56;16;1835008;0.17008;172.625
WO;512;112;16;1835008;0.167744;175.029
WO;512;224;16;1835008;0.169184;173.54
WO;512;448;16;1835008;0.165952;176.919
WO;512;896;16;1835008;0.165408;177.501
WO;512;1792;16;1835008;0.163296;179.797
WO;512;3584;16;1835008;0.163072;180.044

RW;512;14;16;3670016;0.745376;157.559
RW;512;28;16;3670016;0.70512;166.554
RW;512;56;16;3670016;0.715488;164.14
RW;512;112;16;3670016;0.71664;163.877
RW;512;224;16;3670016;0.712576;164.811
RW;512;448;16;3670016;0.709984;165.413
RW;512;896;16;3670016;0.706144;166.312
RW;512;1792;16;3670016;0.699872;167.803
RW;512;3584;16;3670016;0.68656;171.056
RW;512;7168;16;3670016;0.662048;177.39

WO;512;14;16;3670016;0.333536;176.054
WO;512;28;16;3670016;0.3336;176.02
WO;512;56;16;3670016;0.333888;175.868
WO;512;112;16;3670016;0.330848;177.484
WO;512;224;16;3670016;0.334752;175.414
WO;512;448;16;3670016;0.330912;177.45
WO;512;896;16;3670016;0.327552;179.27
WO;512;1792;16;3670016;0.325856;180.203
WO;512;3584;16;3670016;0.321152;182.843
WO;512;7168;16;3670016;0.320032;183.482

RW;512;14;16;7340032;1.49811;156.785
RW;512;28;16;7340032;1.42742;164.549
RW;512;56;16;7340032;1.45245;161.714
RW;512;112;16;7340032;1.44765;162.25
RW;512;224;16;7340032;1.44154;162.938
RW;512;448;16;7340032;1.43312;163.895
RW;512;896;16;7340032;1.42851;164.424
RW;512;1792;16;7340032;1.41747;165.704
RW;512;3584;16;7340032;1.39123;168.83
RW;512;7168;16;7340032;1.35987;172.723
RW;512;14336;16;7340032;1.32589;177.15

WO;512;14;16;7340032;0.655648;179.121
WO;512;28;16;7340032;0.65792;178.503
WO;512;56;16;7340032;0.664736;176.672
WO;512;112;16;7340032;0.659744;178.009
WO;512;224;16;7340032;0.663776;176.928
WO;512;448;16;7340032;0.669536;175.406
WO;512;896;16;7340032;0.651872;180.159
WO;512;1792;16;7340032;0.645952;181.81
WO;512;3584;16;7340032;0.649664;180.771
WO;512;7168;16;7340032;0.635584;184.776
WO;512;14336;16;7340032;0.6424;182.815

RW;512;14;16;14680064;2.99507;156.845
RW;512;28;16;14680064;2.89405;162.32
RW;512;56;16;14680064;2.92042;160.854
RW;512;112;16;14680064;2.89971;162.003
RW;512;224;16;14680064;2.90643;161.628
RW;512;448;16;14680064;2.88061;163.077
RW;512;896;16;14680064;2.87469;163.413
RW;512;1792;16;14680064;2.87562;163.36
RW;512;3584;16;14680064;2.81846;166.673
RW;512;7168;16;14680064;2.75651;170.419
RW;512;14336;16;14680064;2.69082;174.58
RW;512;28672;16;14680064;2.63706;178.139

WO;512;14;16;14680064;1.31302;178.886
WO;512;28;16;14680064;1.30976;179.331
WO;512;56;16;14680064;1.32586;177.154
WO;512;112;16;14680064;1.32013;177.923
WO;512;224;16;14680064;1.31117;179.139
WO;512;448;16;14680064;1.33005;176.596
WO;512;896;16;14680064;1.29862;180.869
WO;512;1792;16;14680064;1.29498;181.379
WO;512;3584;16;14680064;1.29088;181.954
WO;512;7168;16;14680064;1.27846;183.721
WO;512;14336;16;14680064;1.26528;185.636
WO;512;28672;16;14680064;1.26278;186.003

RW;512;14;16;29360128;6.04624;155.39
RW;512;28;16;29360128;5.82358;161.331
RW;512;56;16;29360128;5.85875;160.363
RW;512;112;16;29360128;5.84067;160.859
RW;512;224;16;29360128;5.8273;161.228
RW;512;448;16;29360128;5.81309;161.622
RW;512;896;16;29360128;5.77648;162.646
RW;512;1792;16;29360128;5.76326;163.019
RW;512;3584;16;29360128;5.74301;163.594
RW;512;7168;16;29360128;5.63674;166.679
RW;512;14336;16;29360128;5.49485;170.983
RW;512;28672;16;29360128;5.33354;176.154
RW;512;57344;16;29360128;5.30502;177.101

WO;512;14;16;29360128;2.62931;178.663
WO;512;28;16;29360128;2.62998;178.618
WO;512;56;16;29360128;2.65536;176.911
WO;512;112;16;29360128;2.64595;177.54
WO;512;224;16;29360128;2.64224;177.789
WO;512;448;16;29360128;2.65674;176.819
WO;512;896;16;29360128;2.61347;179.746
WO;512;1792;16;29360128;2.6;180.678
WO;512;3584;16;29360128;2.59091;181.311
WO;512;7168;16;29360128;2.5721;182.638
WO;512;14336;16;29360128;2.53254;185.49
WO;512;28672;16;29360128;2.5209;186.347
WO;512;57344;16;29360128;2.52557;186.003

RW;512;14;16;58720256;12.0612;155.793
RW;512;28;16;58720256;11.6964;160.652
RW;512;56;16;58720256;11.7293;160.201
RW;512;112;16;58720256;11.7124;160.432
RW;512;224;16;58720256;11.7204;160.324
RW;512;448;16;58720256;11.6964;160.651
RW;512;896;16;58720256;11.6634;161.106
RW;512;1792;16;58720256;11.589;162.141
RW;512;3584;16;58720256;11.5519;162.662
RW;512;7168;16;58720256;11.463;163.923
RW;512;14336;16;58720256;11.3207;165.983
RW;512;28672;16;58720256;11.0037;170.764
RW;512;57344;16;58720256;10.719;175.3
RW;512;114688;16;58720256;10.5277;178.486

WO;512;14;16;58720256;5.25728;178.709
WO;512;28;16;58720256;5.25923;178.643
WO;512;56;16;58720256;5.31475;176.777
WO;512;112;16;58720256;5.29472;177.445
WO;512;224;16;58720256;5.3073;177.025
WO;512;448;16;58720256;5.34458;175.79
WO;512;896;16;58720256;5.24906;178.989
WO;512;1792;16;58720256;5.23046;179.625
WO;512;3584;16;58720256;5.17994;181.378
WO;512;7168;16;58720256;5.16746;181.816
WO;512;14336;16;58720256;5.1423;182.705
WO;512;28672;16;58720256;5.07126;185.264
WO;512;57344;16;58720256;5.02214;187.076
WO;512;114688;16;58720256;5.03043;186.768

RW;512;14;16;117440512;24.3988;154.028
RW;512;28;16;117440512;23.4195;160.469
RW;512;56;16;117440512;23.4886;159.997
RW;512;112;16;117440512;23.4749;160.09
RW;512;224;16;117440512;23.4669;160.144
RW;512;448;16;117440512;23.4676;160.139
RW;512;896;16;117440512;23.4135;160.51
RW;512;1792;16;117440512;23.3301;161.084
RW;512;3584;16;117440512;23.204;161.959
RW;512;7168;16;117440512;23.0819;162.816
RW;512;14336;16;117440512;22.9629;163.659
RW;512;28672;16;117440512;22.5899;166.362
RW;512;57344;16;117440512;21.9457;171.245
RW;512;114688;16;117440512;21.4943;174.841
RW;512;229376;16;117440512;21.073;178.337

WO;512;14;16;117440512;10.5754;177.681
WO;512;28;16;117440512;10.5577;177.979
WO;512;56;16;117440512;10.6334;176.712
WO;512;112;16;117440512;10.6203;176.931
WO;512;224;16;117440512;10.6716;176.08
WO;512;448;16;117440512;10.7346;175.046
WO;512;896;16;117440512;10.5592;177.953
WO;512;1792;16;117440512;10.525;178.533
WO;512;3584;16;117440512;10.4233;180.273
WO;512;7168;16;117440512;10.3725;181.156
WO;512;14336;16;117440512;10.3743;181.126
WO;512;28672;16;117440512;10.266;183.035
WO;512;57344;16;117440512;10.1085;185.888
WO;512;114688;16;117440512;10.0311;187.323
WO;512;229376;16;117440512;10.0471;187.023

RW;1024;14;16;14336;0.011744;39.0627

WO;1024;14;16;14336;0.010976;20.898

RW;1024;14;16;28672;0.012224;75.0576
RW;1024;28;16;28672;0.012576;72.9567

WO;1024;14;16;28672;0.011808;38.8509
WO;1024;28;16;28672;0.01184;38.7459

RW;1024;14;16;57344;0.01952;94.0066
RW;1024;28;16;57344;0.018304;100.252
RW;1024;56;16;57344;0.019104;96.0536

WO;1024;14;16;57344;0.013504;67.9431
WO;1024;28;16;57344;0.012992;70.6207
WO;1024;56;16;57344;0.013344;68.7578

RW;1024;14;16;114688;0.030848;118.971
RW;1024;28;16;114688;0.027744;132.281
RW;1024;56;16;114688;0.02832;129.591
RW;1024;112;16;114688;0.028768;127.573

WO;1024;14;16;114688;0.016896;108.606
WO;1024;28;16;114688;0.017344;105.801
WO;1024;56;16;114688;0.016224;113.105
WO;1024;112;16;114688;0.017152;106.985

RW;1024;14;16;229376;0.05104;143.809
RW;1024;28;16;229376;0.046688;157.215
RW;1024;56;16;229376;0.046656;157.322
RW;1024;112;16;229376;0.046528;157.755
RW;1024;224;16;229376;0.046496;157.864

WO;1024;14;16;229376;0.025952;141.416
WO;1024;28;16;229376;0.026048;140.894
WO;1024;56;16;229376;0.025888;141.765
WO;1024;112;16;229376;0.025824;142.116
WO;1024;224;16;229376;0.025824;142.116

RW;1024;14;16;458752;0.092704;158.354
RW;1024;28;16;458752;0.090272;162.62
RW;1024;56;16;458752;0.08864;165.614
RW;1024;112;16;458752;0.088192;166.456
RW;1024;224;16;458752;0.087424;167.918
RW;1024;448;16;458752;0.085696;171.304

WO;1024;14;16;458752;0.046144;159.068
WO;1024;28;16;458752;0.0464;158.19
WO;1024;56;16;458752;0.045824;160.179
WO;1024;112;16;458752;0.04576;160.403
WO;1024;224;16;458752;0.045888;159.955
WO;1024;448;16;458752;0.04576;160.403

RW;1024;14;16;917504;0.175456;167.336
RW;1024;28;16;917504;0.178848;164.162
RW;1024;56;16;917504;0.175776;167.031
RW;1024;112;16;917504;0.176;166.819
RW;1024;224;16;917504;0.174816;167.949
RW;1024;448;16;917504;0.17264;170.066
RW;1024;896;16;917504;0.167808;174.963

WO;1024;14;16;917504;0.086528;169.657
WO;1024;28;16;917504;0.086656;169.406
WO;1024;56;16;917504;0.08704;168.659
WO;1024;112;16;917504;0.086848;169.032
WO;1024;224;16;917504;0.086144;170.413
WO;1024;448;16;917504;0.085312;172.075
WO;1024;896;16;917504;0.085216;172.269

RW;1024;14;16;1835008;0.346976;169.234
RW;1024;28;16;1835008;0.355424;165.212
RW;1024;56;16;1835008;0.358528;163.782
RW;1024;112;16;1835008;0.352896;166.395
RW;1024;224;16;1835008;0.353536;166.094
RW;1024;448;16;1835008;0.347712;168.876
RW;1024;896;16;1835008;0.341728;171.833
RW;1024;1792;16;1835008;0.3344;175.599

WO;1024;14;16;1835008;0.167552;175.23
WO;1024;28;16;1835008;0.169824;172.886
WO;1024;56;16;1835008;0.168992;173.737
WO;1024;112;16;1835008;0.168256;174.497
WO;1024;224;16;1835008;0.168224;174.53
WO;1024;448;16;1835008;0.1656;177.295
WO;1024;896;16;1835008;0.164096;178.92
WO;1024;1792;16;1835008;0.164192;178.816

RW;1024;14;16;3670016;0.709056;165.629
RW;1024;28;16;3670016;0.721184;162.844
RW;1024;56;16;3670016;0.713792;164.53
RW;1024;112;16;3670016;0.714368;164.398
RW;1024;224;16;3670016;0.710272;165.346
RW;1024;448;16;3670016;0.704576;166.683
RW;1024;896;16;3670016;0.698784;168.064
RW;1024;1792;16;3670016;0.68896;170.461
RW;1024;3584;16;3670016;0.66352;176.996

WO;1024;14;16;3670016;0.32912;178.416
WO;1024;28;16;3670016;0.338464;173.49
WO;1024;56;16;3670016;0.332928;176.375
WO;1024;112;16;3670016;0.338688;173.376
WO;1024;224;16;3670016;0.335872;174.829
WO;1024;448;16;3670016;0.331168;177.313
WO;1024;896;16;3670016;0.326208;180.009
WO;1024;1792;16;3670016;0.32368;181.415
WO;1024;3584;16;3670016;0.322048;182.334

RW;1024;14;16;7340032;1.43667;163.49
RW;1024;28;16;7340032;1.45638;161.277
RW;1024;56;16;7340032;1.44387;162.674
RW;1024;112;16;7340032;1.4432;162.75
RW;1024;224;16;7340032;1.42925;164.339
RW;1024;448;16;7340032;1.42323;165.034
RW;1024;896;16;7340032;1.41648;165.82
RW;1024;1792;16;7340032;1.38758;169.273
RW;1024;3584;16;7340032;1.35686;173.106
RW;1024;7168;16;7340032;1.33197;176.341

WO;1024;14;16;7340032;0.659744;178.009
WO;1024;28;16;7340032;0.67104;175.013
WO;1024;56;16;7340032;0.663648;176.962
WO;1024;112;16;7340032;0.665408;176.494
WO;1024;224;16;7340032;0.6688;175.599
WO;1024;448;16;7340032;0.659904;177.966
WO;1024;896;16;7340032;0.650208;180.62
WO;1024;1792;16;7340032;0.645152;182.035
WO;1024;3584;16;7340032;0.639008;183.786
WO;1024;7168;16;7340032;0.638304;183.988

RW;1024;14;16;14680064;2.89968;162.005
RW;1024;28;16;14680064;2.91021;161.419
RW;1024;56;16;14680064;2.90874;161.5
RW;1024;112;16;14680064;2.89133;162.473
RW;1024;224;16;14680064;2.87763;163.246
RW;1024;448;16;14680064;2.8593;164.293
RW;1024;896;16;14680064;2.86384;164.032
RW;1024;1792;16;14680064;2.8225;166.435
RW;1024;3584;16;14680064;2.76138;170.119
RW;1024;7168;16;14680064;2.7;173.986
RW;1024;14336;16;14680064;2.64957;177.298

WO;1024;14;16;14680064;1.31229;178.986
WO;1024;28;16;14680064;1.33558;175.864
WO;1024;56;16;14680064;1.32186;177.69
WO;1024;112;16;14680064;1.32003;177.936
WO;1024;224;16;14680064;1.32899;176.736
WO;1024;448;16;14680064;1.30403;180.119
WO;1024;896;16;14680064;1.30285;180.283
WO;1024;1792;16;14680064;1.29226;181.76
WO;1024;3584;16;14680064;1.28346;183.007
WO;1024;7168;16;14680064;1.27174;184.692
WO;1024;14336;16;14680064;1.26765;185.289

RW;1024;14;16;29360128;5.82605;161.263
RW;1024;28;16;29360128;5.85558;160.449
RW;1024;56;16;29360128;5.84659;160.696
RW;1024;112;16;29360128;5.82019;161.425
RW;1024;224;16;29360128;5.81715;161.509
RW;1024;448;16;29360128;5.76646;162.929
RW;1024;896;16;29360128;5.74704;163.48
RW;1024;1792;16;29360128;5.72224;164.188
RW;1024;3584;16;29360128;5.64301;166.493
RW;1024;7168;16;29360128;5.49728;170.907
RW;1024;14336;16;29360128;5.36234;175.208
RW;1024;28672;16;29360128;5.29379;177.477

WO;1024;14;16;29360128;2.61766;179.458
WO;1024;28;16;29360128;2.65882;176.681
WO;1024;56;16;29360128;2.6417;177.826
WO;1024;112;16;29360128;2.62826;178.735
WO;1024;224;16;29360128;2.66122;176.522
WO;1024;448;16;29360128;2.6161;179.566
WO;1024;896;16;29360128;2.60077;180.624
WO;1024;1792;16;29360128;2.59069;181.327
WO;1024;3584;16;29360128;2.56627;183.052
WO;1024;7168;16;29360128;2.54403;184.653
WO;1024;14336;16;29360128;2.53178;185.546
WO;1024;28672;16;29360128;2.52541;186.014

RW;1024;14;16;58720256;11.6987;160.62
RW;1024;28;16;58720256;11.7219;160.303
RW;1024;56;16;58720256;11.7223;160.297
RW;1024;112;16;58720256;11.6973;160.639
RW;1024;224;16;58720256;11.6723;160.984
RW;1024;448;16;58720256;11.6172;161.747
RW;1024;896;16;58720256;11.5756;162.328
RW;1024;1792;16;58720256;11.4824;163.646
RW;1024;3584;16;58720256;11.4784;163.703
RW;1024;7168;16;58720256;11.3178;166.027
RW;1024;14336;16;58720256;11.0128;170.625
RW;1024;28672;16;58720256;10.8056;173.895
RW;1024;57344;16;58720256;10.565;177.856

WO;1024;14;16;58720256;5.25395;178.822
WO;1024;28;16;58720256;5.3256;176.417
WO;1024;56;16;58720256;5.30333;177.157
WO;1024;112;16;58720256;5.29846;177.32
WO;1024;224;16;58720256;5.33014;176.266
WO;1024;448;16;58720256;5.23891;179.336
WO;1024;896;16;58720256;5.22998;179.642
WO;1024;1792;16;58720256;5.19117;180.985
WO;1024;3584;16;58720256;5.16758;181.811
WO;1024;7168;16;58720256;5.14989;182.436
WO;1024;14336;16;58720256;5.08998;184.583
WO;1024;28672;16;58720256;5.05286;185.939
WO;1024;57344;16;58720256;5.0497;186.056

RW;1024;14;16;117440512;23.4313;160.388
RW;1024;28;16;117440512;23.4841;160.027
RW;1024;56;16;117440512;23.4654;160.155
RW;1024;112;16;117440512;23.4344;160.367
RW;1024;224;16;117440512;23.4382;160.341
RW;1024;448;16;117440512;23.3424;160.998
RW;1024;896;16;117440512;23.3183;161.165
RW;1024;1792;16;117440512;23.191;162.049
RW;1024;3584;16;117440512;23.0489;163.049
RW;1024;7168;16;117440512;22.945;163.787
RW;1024;14336;16;117440512;22.5208;166.872
RW;1024;28672;16;117440512;21.9788;170.987
RW;1024;57344;16;117440512;21.4297;175.369
RW;1024;114688;16;117440512;21.0057;178.909

WO;1024;14;16;117440512;10.5469;178.16
WO;1024;28;16;117440512;10.6359;176.67
WO;1024;56;16;117440512;10.617;176.985
WO;1024;112;16;117440512;10.6363;176.663
WO;1024;224;16;117440512;10.6915;175.752
WO;1024;448;16;117440512;10.5456;178.184
WO;1024;896;16;117440512;10.4877;179.167
WO;1024;1792;16;117440512;10.4102;180.501
WO;1024;3584;16;117440512;10.373;181.149
WO;1024;7168;16;117440512;10.3596;181.381
WO;1024;14336;16;117440512;10.2813;182.763
WO;1024;28672;16;117440512;10.1578;184.986
WO;1024;57344;16;117440512;10.0806;186.402
WO;1024;114688;16;117440512;10.0848;186.325

RW;192;14;16;2688;0.011168;7.70201

WO;192;14;16;2688;0.010816;3.97633

RW;192;14;16;5376;0.011776;14.6087
RW;192;28;16;5376;0.01104;15.5826

WO;192;14;16;5376;0.010336;8.32198
WO;192;28;16;5376;0.010784;7.97626

RW;192;14;16;10752;0.012704;27.0831
RW;192;28;16;10752;0.011808;29.1382
RW;192;56;16;10752;0.011968;28.7487

WO;192;14;16;10752;0.011136;15.4483
WO;192;28;16;10752;0.010304;16.6957
WO;192;56;16;10752;0.010976;15.6735

RW;192;14;16;21504;0.015008;45.8507
RW;192;28;16;21504;0.01264;54.4405
RW;192;56;16;21504;0.012;57.344
RW;192;112;16;21504;0.012032;57.1915

WO;192;14;16;21504;0.011968;28.7487
WO;192;28;16;21504;0.011008;31.2558
WO;192;56;16;21504;0.010976;31.3469
WO;192;112;16;21504;0.01168;29.4575

RW;192;14;16;43008;0.018496;74.4083
RW;192;28;16;43008;0.01376;100.019
RW;192;56;16;43008;0.013248;103.884
RW;192;112;16;43008;0.013472;102.157
RW;192;224;16;43008;0.013888;99.0968

WO;192;14;16;43008;0.010976;62.6939
WO;192;28;16;43008;0.012704;54.1662
WO;192;56;16;43008;0.012352;55.7098
WO;192;112;16;43008;0.012704;54.1662
WO;192;224;16;43008;0.012864;53.4925

RW;192;14;16;86016;0.036768;74.8616
RW;192;28;16;86016;0.028832;95.4673
RW;192;56;16;86016;0.026528;103.759
RW;192;112;16;86016;0.024256;113.478
RW;192;224;16;86016;0.023424;117.508
RW;192;448;16;86016;0.023552;116.87

WO;192;14;16;86016;0.016576;83.027
WO;192;28;16;86016;0.015552;88.4938
WO;192;56;16;86016;0.014976;91.8974
WO;192;112;16;86016;0.014976;91.8974
WO;192;224;16;86016;0.012576;109.435
WO;192;448;16;86016;0.015136;90.926

RW;192;14;16;172032;0.06048;91.0222
RW;192;28;16;172032;0.046272;118.971
RW;192;56;16;172032;0.04128;133.358
RW;192;112;16;172032;0.038976;141.241
RW;192;224;16;172032;0.037344;147.414
RW;192;448;16;172032;0.037088;148.431
RW;192;896;16;172032;0.035904;153.326

WO;192;14;16;172032;0.023232;118.479
WO;192;28;16;172032;0.020672;133.152
WO;192;56;16;172032;0.0208;132.332
WO;192;112;16;172032;0.020992;131.122
WO;192;224;16;172032;0.020832;132.129
WO;192;448;16;172032;0.020928;131.523
WO;192;896;16;172032;0.02048;134.4

RW;192;14;16;344064;0.112064;98.2479
RW;192;28;16;344064;0.081152;135.672
RW;192;56;16;344064;0.072608;151.637
RW;192;112;16;344064;0.06832;161.154
RW;192;224;16;344064;0.069216;159.068
RW;192;448;16;344064;0.069344;158.774
RW;192;896;16;344064;0.067168;163.918
RW;192;1792;16;344064;0.065792;167.346

WO;192;14;16;344064;0.037728;145.913
WO;192;28;16;344064;0.035776;153.875
WO;192;56;16;344064;0.035872;153.463
WO;192;112;16;344064;0.035776;153.875
WO;192;224;16;344064;0.036256;151.838
WO;192;448;16;344064;0.036032;152.782
WO;192;896;16;344064;0.035712;154.151
WO;192;1792;16;344064;0.034144;161.23

RW;192;14;16;688128;0.212832;103.462
RW;192;28;16;688128;0.151552;145.297
RW;192;56;16;688128;0.137312;160.365
RW;192;112;16;688128;0.133728;164.663
RW;192;224;16;688128;0.134592;163.606
RW;192;448;16;688128;0.13664;161.154
RW;192;896;16;688128;0.131616;167.306
RW;192;1792;16;688128;0.129856;169.573
RW;192;3584;16;688128;0.126144;174.563

WO;192;14;16;688128;0.070784;155.544
WO;192;28;16;688128;0.06672;165.019
WO;192;56;16;688128;0.066336;165.974
WO;192;112;16;688128;0.066496;165.575
WO;192;224;16;688128;0.068896;159.807
WO;192;448;16;688128;0.066176;166.375
WO;192;896;16;688128;0.065696;167.591
WO;192;1792;16;688128;0.064832;169.824
WO;192;3584;16;688128;0.064736;170.076

RW;192;14;16;1376256;0.419264;105.042
RW;192;28;16;1376256;0.29392;149.837
RW;192;56;16;1376256;0.26496;166.214
RW;192;112;16;1376256;0.266688;165.138
RW;192;224;16;1376256;0.269344;163.509
RW;192;448;16;1376256;0.27072;162.678
RW;192;896;16;1376256;0.266976;164.959
RW;192;1792;16;1376256;0.259424;169.761
RW;192;3584;16;1376256;0.25456;173.005
RW;192;7168;16;1376256;0.250272;175.969

WO;192;14;16;1376256;0.136672;161.116
WO;192;28;16;1376256;0.127232;173.07
WO;192;56;16;1376256;0.126432;174.166
WO;192;112;16;1376256;0.127936;172.118
WO;192;224;16;1376256;0.137088;160.627
WO;192;448;16;1376256;0.127456;172.766
WO;192;896;16;1376256;0.125952;174.829
WO;192;1792;16;1376256;0.123616;178.133
WO;192;3584;16;1376256;0.123328;178.549
WO;192;7168;16;1376256;0.123296;178.595

RW;192;14;16;2752512;0.824896;106.778
RW;192;28;16;2752512;0.586816;150.099
RW;192;56;16;2752512;0.532384;165.445
RW;192;112;16;2752512;0.540224;163.044
RW;192;224;16;2752512;0.545248;161.542
RW;192;448;16;2752512;0.545664;161.419
RW;192;896;16;2752512;0.53664;164.133
RW;192;1792;16;2752512;0.53216;165.515
RW;192;3584;16;2752512;0.522528;168.566
RW;192;7168;16;2752512;0.512576;171.839
RW;192;14336;16;2752512;0.50144;175.655

WO;192;14;16;2752512;0.26704;164.92
WO;192;28;16;2752512;0.248352;177.33
WO;192;56;16;2752512;0.247168;178.179
WO;192;112;16;2752512;0.249408;176.579
WO;192;224;16;2752512;0.263232;167.306
WO;192;448;16;2752512;0.25024;175.992
WO;192;896;16;2752512;0.249632;176.42
WO;192;1792;16;2752512;0.244736;179.95
WO;192;3584;16;2752512;0.242944;181.277
WO;192;7168;16;2752512;0.241312;182.503
WO;192;14336;16;2752512;0.240928;182.794

RW;192;14;16;5505024;1.64707;106.954
RW;192;28;16;5505024;1.17606;149.788
RW;192;56;16;5505024;1.05024;167.734
RW;192;112;16;5505024;1.08608;162.199
RW;192;224;16;5505024;1.08714;162.041
RW;192;448;16;5505024;1.10083;160.025
RW;192;896;16;5505024;1.088;161.912
RW;192;1792;16;5505024;1.07494;163.879
RW;192;3584;16;5505024;1.05962;166.25
RW;192;7168;16;5505024;1.03482;170.234
RW;192;14336;16;5505024;1.01805;173.038
RW;192;28672;16;5505024;0.997824;176.545

WO;192;14;16;5505024;0.526944;167.153
WO;192;28;16;5505024;0.49712;177.181
WO;192;56;16;5505024;0.493792;178.375
WO;192;112;16;5505024;0.494784;178.018
WO;192;224;16;5505024;0.533344;165.147
WO;192;448;16;5505024;0.506752;173.814
WO;192;896;16;5505024;0.499648;176.285
WO;192;1792;16;5505024;0.493568;178.456
WO;192;3584;16;5505024;0.485312;181.492
WO;192;7168;16;5505024;0.479552;183.672
WO;192;14336;16;5505024;0.479232;183.795
WO;192;28672;16;5505024;0.477536;184.448

RW;192;14;16;11010048;3.27123;107.703
RW;192;28;16;11010048;2.36006;149.285
RW;192;56;16;11010048;2.13354;165.135
RW;192;112;16;11010048;2.1895;160.914
RW;192;224;16;11010048;2.18586;161.182
RW;192;448;16;11010048;2.21603;158.988
RW;192;896;16;11010048;2.18227;161.447
RW;192;1792;16;11010048;2.17437;162.034
RW;192;3584;16;11010048;2.15197;163.721
RW;192;7168;16;11010048;2.11053;166.935
RW;192;14336;16;11010048;2.06659;170.484
RW;192;28672;16;11010048;2.02547;173.945
RW;192;57344;16;11010048;1.9961;176.505

WO;192;14;16;11010048;1.06544;165.341
WO;192;28;16;11010048;0.986304;178.607
WO;192;56;16;11010048;0.984128;179.002
WO;192;112;16;11010048;0.994112;177.204
WO;192;224;16;11010048;1.0752;163.84
WO;192;448;16;11010048;1.00931;174.535
WO;192;896;16;11010048;1.01043;174.342
WO;192;1792;16;11010048;0.992288;177.53
WO;192;3584;16;11010048;0.97184;181.265
WO;192;7168;16;11010048;0.971488;181.331
WO;192;14336;16;11010048;0.960992;183.311
WO;192;28672;16;11010048;0.944576;186.497
WO;192;57344;16;11010048;0.952192;185.006

RW;192;14;16;22020096;6.56115;107.396
RW;192;28;16;22020096;4.73021;148.967
RW;192;56;16;22020096;4.31037;163.476
RW;192;112;16;22020096;4.39366;160.377
RW;192;224;16;22020096;4.39222;160.43
RW;192;448;16;22020096;4.44432;158.549
RW;192;896;16;22020096;4.38771;160.595
RW;192;1792;16;22020096;4.36739;161.342
RW;192;3584;16;22020096;4.3479;162.065
RW;192;7168;16;22020096;4.30272;163.767
RW;192;14336;16;22020096;4.22048;166.958
RW;192;28672;16;22020096;4.11133;171.391
RW;192;57344;16;22020096;4.03549;174.612
RW;192;114688;16;22020096;3.97075;177.458

WO;192;14;16;22020096;2.10835;167.108
WO;192;28;16;22020096;1.97955;177.98
WO;192;56;16;22020096;1.97264;178.604
WO;192;112;16;22020096;1.97942;177.992
WO;192;224;16;22020096;2.13613;164.935
WO;192;448;16;22020096;2.03888;172.801
WO;192;896;16;22020096;2.00128;176.048
WO;192;1792;16;22020096;1.98493;177.498
WO;192;3584;16;22020096;1.97411;178.471
WO;192;7168;16;22020096;1.95232;180.463
WO;192;14336;16;22020096;1.92867;182.676
WO;192;28672;16;22020096;1.90051;185.382
WO;192;57344;16;22020096;1.88496;186.912
WO;192;114688;16;22020096;1.88675;186.734

RW;192;14;16;44040192;13.1943;106.81
RW;192;28;16;44040192;9.48541;148.574
RW;192;56;16;44040192;8.69456;162.088
RW;192;112;16;44040192;8.79341;160.266
RW;192;224;16;44040192;8.78666;160.389
RW;192;448;16;44040192;8.96454;157.207
RW;192;896;16;44040192;8.84045;159.413
RW;192;1792;16;44040192;8.78061;160.5
RW;192;3584;16;44040192;8.71878;161.638
RW;192;7168;16;44040192;8.70442;161.905
RW;192;14336;16;44040192;8.62272;163.439
RW;192;28672;16;44040192;8.4153;167.467
RW;192;57344;16;44040192;8.22147;171.415
RW;192;114688;16;44040192;8.05578;174.941
RW;192;229376;16;44040192;7.91414;178.072

WO;192;14;16;44040192;4.23165;166.517
WO;192;28;16;44040192;3.96822;177.571
WO;192;56;16;44040192;3.95037;178.374
WO;192;112;16;44040192;3.97734;177.164
WO;192;224;16;44040192;4.27933;164.662
WO;192;448;16;44040192;4.07997;172.708
WO;192;896;16;44040192;4.04336;174.272
WO;192;1792;16;44040192;3.98531;176.81
WO;192;3584;16;44040192;3.96442;177.742
WO;192;7168;16;44040192;3.94726;178.514
WO;192;14336;16;44040192;3.90026;180.666
WO;192;28672;16;44040192;3.85885;182.605
WO;192;57344;16;44040192;3.79008;185.918
WO;192;114688;16;44040192;3.75357;187.726
WO;192;229376;16;44040192;3.76643;187.085

RW;192;14;16;88080384;26.451;106.558
RW;192;28;16;88080384;18.9797;148.504
RW;192;56;16;88080384;17.4419;161.598
RW;192;112;16;88080384;17.6177;159.986
RW;192;224;16;88080384;17.6042;160.108
RW;192;448;16;88080384;18.1391;155.387
RW;192;896;16;88080384;17.7335;158.94
RW;192;1792;16;88080384;17.6225;159.942
RW;192;3584;16;88080384;17.5203;160.874
RW;192;7168;16;88080384;17.4875;161.176
RW;192;14336;16;88080384;17.4247;161.757
RW;192;28672;16;88080384;17.2319;163.567
RW;192;57344;16;88080384;16.8296;167.477
RW;192;114688;16;88080384;16.4474;171.369
RW;192;229376;16;88080384;16.1675;174.336
RW;192;458752;16;88080384;15.8109;178.268

WO;192;14;16;88080384;8.46653;166.454
WO;192;28;16;88080384;7.96054;177.034
WO;192;56;16;88080384;7.9249;177.83
WO;192;112;16;88080384;7.96179;177.006
WO;192;224;16;88080384;8.53322;165.153
WO;192;448;16;88080384;8.25398;170.74
WO;192;896;16;88080384;8.09818;174.025
WO;192;1792;16;88080384;8.02192;175.679
WO;192;3584;16;88080384;7.94294;177.426
WO;192;7168;16;88080384;7.94963;177.277
WO;192;14336;16;88080384;7.89514;178.501
WO;192;28672;16;88080384;7.82739;180.045
WO;192;57344;16;88080384;7.70771;182.841
WO;192;114688;16;88080384;7.56074;186.395
WO;192;229376;16;88080384;7.50794;187.706
WO;192;458752;16;88080384;7.51686;187.483

RW;384;14;16;5376;0.011488;14.9749

WO;384;14;16;5376;0.010688;8.0479

RW;384;14;16;10752;0.011744;29.297
RW;384;28;16;10752;0.010144;33.918

WO;384;14;16;10752;0.010752;16
WO;384;28;16;10752;0.010368;16.5926

RW;384;14;16;21504;0.012768;53.8947
RW;384;28;16;21504;0.011968;57.4973
RW;384;56;16;21504;0.012;57.344

WO;384;14;16;21504;0.011456;30.0335
WO;384;28;16;21504;0.01104;31.1652
WO;384;56;16;21504;0.01168;29.4575

RW;384;14;16;43008;0.013568;101.434
RW;384;28;16;43008;0.013408;102.644
RW;384;56;16;43008;0.0136;101.195
RW;384;112;16;43008;0.013568;101.434

WO;384;14;16;43008;0.012576;54.7176
WO;384;28;16;43008;0.012736;54.0302
WO;384;56;16;43008;0.012704;54.1662
WO;384;112;16;43008;0.012576;54.7176

RW;384;14;16;86016;0.028768;95.6796
RW;384;28;16;86016;0.026016;105.801
RW;384;56;16;86016;0.024544;112.146
RW;384;112;16;86016;0.023712;116.081
RW;384;224;16;86016;0.023616;116.553

WO;384;14;16;86016;0.014048;97.9681
WO;384;28;16;86016;0.0152;90.5432
WO;384;56;16;86016;0.015104;91.1186
WO;384;112;16;86016;0.013312;103.385
WO;384;224;16;86016;0.015104;91.1186

RW;384;14;16;172032;0.046464;118.479
RW;384;28;16;172032;0.041664;132.129
RW;384;56;16;172032;0.03904;141.01
RW;384;112;16;172032;0.038784;141.941
RW;384;224;16;172032;0.038016;144.808
RW;384;448;16;172032;0.036288;151.704

WO;384;14;16;172032;0.020832;132.129
WO;384;28;16;172032;0.02112;130.327
WO;384;56;16;172032;0.020864;131.926
WO;384;112;16;172032;0.020832;132.129
WO;384;224;16;172032;0.020704;132.946
WO;384;448;16;172032;0.020736;132.741

RW;384;14;16;344064;0.081152;135.672
RW;384;28;16;344064;0.07328;150.246
RW;384;56;16;344064;0.067712;162.601
RW;384;112;16;344064;0.069056;159.437
RW;384;224;16;344064;0.069024;159.51
RW;384;448;16;344064;0.066432;165.734
RW;384;896;16;344064;0.065952;166.94

WO;384;14;16;344064;0.035712;154.151
WO;384;28;16;344064;0.035584;154.705
WO;384;56;16;344064;0.03584;153.6
WO;384;112;16;344064;0.036288;151.704
WO;384;224;16;344064;0.036;152.917
WO;384;448;16;344064;0.034272;160.627
WO;384;896;16;344064;0.03568;154.289

RW;384;14;16;688128;0.151552;145.297
RW;384;28;16;688128;0.135456;162.563
RW;384;56;16;688128;0.131808;167.062
RW;384;112;16;688128;0.134624;163.567
RW;384;224;16;688128;0.136256;161.608
RW;384;448;16;688128;0.130624;168.576
RW;384;896;16;688128;0.128416;171.475
RW;384;1792;16;688128;0.126496;174.077

WO;384;14;16;688128;0.06656;165.415
WO;384;28;16;688128;0.066016;166.778
WO;384;56;16;688128;0.066464;165.654
WO;384;112;16;688128;0.068736;160.179
WO;384;224;16;688128;0.066336;165.974
WO;384;448;16;688128;0.065984;166.859
WO;384;896;16;688128;0.064928;169.573
WO;384;1792;16;688128;0.063872;172.377

RW;384;14;16;1376256;0.29696;148.303
RW;384;28;16;1376256;0.264992;166.194
RW;384;56;16;1376256;0.266624;165.177
RW;384;112;16;1376256;0.27136;162.294
RW;384;224;16;1376256;0.272416;161.665
RW;384;448;16;1376256;0.26672;165.118
RW;384;896;16;1376256;0.260864;168.824
RW;384;1792;16;1376256;0.255776;172.183
RW;384;3584;16;1376256;0.250368;175.902

WO;384;14;16;1376256;0.127488;172.723
WO;384;28;16;1376256;0.12688;173.551
WO;384;56;16;1376256;0.128096;171.903
WO;384;112;16;1376256;0.13696;160.778
WO;384;224;16;1376256;0.128608;171.219
WO;384;448;16;1376256;0.127584;172.593
WO;384;896;16;1376256;0.125184;175.902
WO;384;1792;16;1376256;0.124032;177.536
WO;384;3584;16;1376256;0.123584;178.179

RW;384;14;16;2752512;0.586624;150.148
RW;384;28;16;2752512;0.52496;167.785
RW;384;56;16;2752512;0.541696;162.601
RW;384;112;16;2752512;0.541312;162.716
RW;384;224;16;2752512;0.55376;159.059
RW;384;448;16;2752512;0.538976;163.422
RW;384;896;16;2752512;0.525856;167.499
RW;384;1792;16;2752512;0.518016;170.034
RW;384;3584;16;2752512;0.509216;172.973
RW;384;7168;16;2752512;0.498784;176.59

WO;384;14;16;2752512;0.24928;176.67
WO;384;28;16;2752512;0.24896;176.897
WO;384;56;16;2752512;0.250016;176.149
WO;384;112;16;2752512;0.269216;163.587
WO;384;224;16;2752512;0.25008;176.104
WO;384;448;16;2752512;0.249568;176.466
WO;384;896;16;2752512;0.24688;178.387
WO;384;1792;16;2752512;0.243744;180.682
WO;384;3584;16;2752512;0.242048;181.948
WO;384;7168;16;2752512;0.241376;182.455

RW;384;14;16;5505024;1.17142;150.382
RW;384;28;16;5505024;1.0536;167.199
RW;384;56;16;5505024;1.09267;161.22
RW;384;112;16;5505024;1.10099;160.002
RW;384;224;16;5505024;1.1;160.146
RW;384;448;16;5505024;1.08102;162.957
RW;384;896;16;5505024;1.0736;164.084
RW;384;1792;16;5505024;1.06067;166.084
RW;384;3584;16;5505024;1.03334;170.476
RW;384;7168;16;5505024;1.01277;173.94
RW;384;14336;16;5505024;0.997856;176.539

WO;384;14;16;5505024;0.502464;175.297
WO;384;28;16;5505024;0.498016;176.863
WO;384;56;16;5505024;0.503104;175.074
WO;384;112;16;5505024;0.539168;163.364
WO;384;224;16;5505024;0.500064;176.138
WO;384;448;16;5505024;0.492064;179.002
WO;384;896;16;5505024;0.497888;176.908
WO;384;1792;16;5505024;0.491392;179.247
WO;384;3584;16;5505024;0.484928;181.636
WO;384;7168;16;5505024;0.483648;182.117
WO;384;14336;16;5505024;0.477376;184.509

RW;384;14;16;11010048;2.36835;148.762
RW;384;28;16;11010048;2.13798;164.791
RW;384;56;16;11010048;2.1888;160.966
RW;384;112;16;11010048;2.19312;160.649
RW;384;224;16;11010048;2.21174;159.296
RW;384;448;16;11010048;2.17792;161.77
RW;384;896;16;11010048;2.16106;163.032
RW;384;1792;16;11010048;2.15293;163.648
RW;384;3584;16;11010048;2.10528;167.351
RW;384;7168;16;11010048;2.06653;170.49
RW;384;14336;16;11010048;2.02202;174.243
RW;384;28672;16;11010048;1.96755;179.066

WO;384;14;16;11010048;1.00086;176.009
WO;384;28;16;11010048;0.990272;177.891
WO;384;56;16;11010048;0.994464;177.141
WO;384;112;16;11010048;1.06333;165.669
WO;384;224;16;11010048;0.990976;177.765
WO;384;448;16;11010048;0.996544;176.772
WO;384;896;16;11010048;0.986016;178.659
WO;384;1792;16;11010048;0.977152;180.28
WO;384;3584;16;11010048;0.968992;181.798
WO;384;7168;16;11010048;0.958336;183.819
WO;384;14336;16;11010048;0.953952;184.664
WO;384;28672;16;11010048;0.954048;184.646

RW;384;14;16;22020096;4.74989;148.349
RW;384;28;16;22020096;4.32538;162.909
RW;384;56;16;22020096;4.38851;160.565
RW;384;112;16;22020096;4.3945;160.347
RW;384;224;16;22020096;4.49859;156.636
RW;384;448;16;22020096;4.39315;160.396
RW;384;896;16;22020096;4.36422;161.459
RW;384;1792;16;22020096;4.34656;162.115
RW;384;3584;16;22020096;4.29888;163.913
RW;384;7168;16;22020096;4.23789;166.272
RW;384;14336;16;22020096;4.1176;171.13
RW;384;28672;16;22020096;4.00966;175.736
RW;384;57344;16;22020096;3.92374;179.584

WO;384;14;16;22020096;1.98022;177.92
WO;384;28;16;22020096;1.97725;178.188
WO;384;56;16;22020096;1.98074;177.874
WO;384;112;16;22020096;2.12346;165.919
WO;384;224;16;22020096;2.02758;173.764
WO;384;448;16;22020096;2.00883;175.386
WO;384;896;16;22020096;1.96496;179.302
WO;384;1792;16;22020096;1.95757;179.979
WO;384;3584;16;22020096;1.95677;180.053
WO;384;7168;16;22020096;1.93306;182.261
WO;384;14336;16;22020096;1.89866;185.564
WO;384;28672;16;22020096;1.88746;186.665
WO;384;57344;16;22020096;1.89597;185.827

RW;384;14;16;44040192;9.52266;147.993
RW;384;28;16;44040192;8.69104;162.154
RW;384;56;16;44040192;8.80179;160.114
RW;384;112;16;44040192;8.79344;160.266
RW;384;224;16;44040192;8.9424;157.596
RW;384;448;16;44040192;8.81085;159.949
RW;384;896;16;44040192;8.79197;160.292
RW;384;1792;16;44040192;8.73123;161.407
RW;384;3584;16;44040192;8.68995;162.174
RW;384;7168;16;44040192;8.60739;163.73
RW;384;14336;16;44040192;8.42675;167.24
RW;384;28672;16;44040192;8.23552;171.123
RW;384;57344;16;44040192;8.02778;175.551
RW;384;114688;16;44040192;7.88646;178.697

WO;384;14;16;44040192;3.98339;176.895
WO;384;28;16;44040192;3.94234;178.737
WO;384;56;16;44040192;3.9824;176.939
WO;384;112;16;44040192;4.25616;165.558
WO;384;224;16;44040192;4.07328;172.992
WO;384;448;16;44040192;4.02314;175.148
WO;384;896;16;44040192;3.97123;177.437
WO;384;1792;16;44040192;3.93741;178.961
WO;384;3584;16;44040192;3.91901;179.801
WO;384;7168;16;44040192;3.90672;180.367
WO;384;14336;16;44040192;3.86;182.55
WO;384;28672;16;44040192;3.80029;185.418
WO;384;57344;16;44040192;3.76806;187.004
WO;384;114688;16;44040192;3.77398;186.711

RW;384;14;16;88080384;19.0227;148.169
RW;384;28;16;88080384;17.4452;161.567
RW;384;56;16;88080384;17.6053;160.098
RW;384;112;16;88080384;17.6075;160.078
RW;384;224;16;88080384;18.0839;155.861
RW;384;448;16;88080384;17.738;158.9
RW;384;896;16;88080384;17.6058;160.094
RW;384;1792;16;88080384;17.5537;160.568
RW;384;3584;16;88080384;17.4722;161.318
RW;384;7168;16;88080384;17.4191;161.81
RW;384;14336;16;88080384;17.2369;163.52
RW;384;28672;16;88080384;16.8975;166.804
RW;384;57344;16;88080384;16.4482;171.361
RW;384;114688;16;88080384;16.1248;174.798
RW;384;229376;16;88080384;15.6812;179.742

WO;384;14;16;88080384;7.95462;177.166
WO;384;28;16;88080384;7.93024;177.71
WO;384;56;16;88080384;7.98163;176.566
WO;384;112;16;88080384;8.54051;165.012
WO;384;224;16;88080384;8.11344;173.698
WO;384;448;16;88080384;8.08176;174.379
WO;384;896;16;88080384;8.00042;176.152
WO;384;1792;16;88080384;7.90685;178.236
WO;384;3584;16;88080384;7.88954;178.627
WO;384;7168;16;88080384;7.85923;179.316
WO;384;14336;16;88080384;7.82189;180.172
WO;384;28672;16;88080384;7.71802;182.597
WO;384;57344;16;88080384;7.5841;185.821
WO;384;114688;16;88080384;7.52902;187.18
WO;384;229376;16;88080384;7.53475;187.038

RW;768;14;16;10752;0.011328;30.3729

WO;768;14;16;10752;0.010976;15.6735

RW;768;14;16;21504;0.012;57.344
RW;768;28;16;21504;0.011872;57.9623

WO;768;14;16;21504;0.011648;29.5385
WO;768;28;16;21504;0.012096;28.4444

RW;768;14;16;43008;0.01376;100.019
RW;768;28;16;43008;0.013184;104.388
RW;768;56;16;43008;0.013504;101.915

WO;768;14;16;43008;0.01264;54.4405
WO;768;28;16;43008;0.012704;54.1662
WO;768;56;16;43008;0.01264;54.4405

RW;768;14;16;86016;0.025888;106.324
RW;768;28;16;86016;0.024512;112.292
RW;768;56;16;86016;0.02384;115.458
RW;768;112;16;86016;0.02512;109.575

WO;768;14;16;86016;0.015232;90.3529
WO;768;28;16;86016;0.014976;91.8974
WO;768;56;16;86016;0.014944;92.0942
WO;768;112;16;86016;0.015136;90.926

RW;768;14;16;172032;0.041312;133.255
RW;768;28;16;172032;0.039456;139.523
RW;768;56;16;172032;0.037472;146.91
RW;768;112;16;172032;0.038784;141.941
RW;768;224;16;172032;0.039072;140.894

WO;768;14;16;172032;0.021344;128.96
WO;768;28;16;172032;0.020224;136.101
WO;768;56;16;172032;0.020992;131.122
WO;768;112;16;172032;0.021024;130.922
WO;768;224;16;172032;0.020704;132.946

RW;768;14;16;344064;0.074112;148.56
RW;768;28;16;344064;0.06864;160.403
RW;768;56;16;344064;0.068672;160.328
RW;768;112;16;344064;0.067552;162.986
RW;768;224;16;344064;0.067008;164.309
RW;768;448;16;344064;0.068;161.912

WO;768;14;16;344064;0.035328;155.826
WO;768;28;16;344064;0.036064;152.646
WO;768;56;16;344064;0.036128;152.376
WO;768;112;16;344064;0.036384;151.303
WO;768;224;16;344064;0.035616;154.566
WO;768;448;16;344064;0.035872;153.463

RW;768;14;16;688128;0.13648;161.343
RW;768;28;16;688128;0.132224;166.536
RW;768;56;16;688128;0.133376;165.098
RW;768;112;16;688128;0.131552;167.387
RW;768;224;16;688128;0.131584;167.346
RW;768;448;16;688128;0.12976;169.699
RW;768;896;16;688128;0.126496;174.077

WO;768;14;16;688128;0.066272;166.134
WO;768;28;16;688128;0.067008;164.309
WO;768;56;16;688128;0.066432;165.734
WO;768;112;16;688128;0.066336;165.974
WO;768;224;16;688128;0.06624;166.214
WO;768;448;16;688128;0.064992;169.406
WO;768;896;16;688128;0.065184;168.907

RW;768;14;16;1376256;0.264448;166.536
RW;768;28;16;1376256;0.267104;164.88
RW;768;56;16;1376256;0.2672;164.821
RW;768;112;16;1376256;0.266656;165.157
RW;768;224;16;1376256;0.260864;168.824
RW;768;448;16;1376256;0.259168;169.929
RW;768;896;16;1376256;0.252512;174.408
RW;768;1792;16;1376256;0.248576;177.17

WO;768;14;16;1376256;0.126368;174.254
WO;768;28;16;1376256;0.128544;171.304
WO;768;56;16;1376256;0.127712;172.42
WO;768;112;16;1376256;0.127072;173.288
WO;768;224;16;1376256;0.127712;172.42
WO;768;448;16;1376256;0.125408;175.588
WO;768;896;16;1376256;0.124288;177.17
WO;768;1792;16;1376256;0.12416;177.353

RW;768;14;16;2752512;0.531904;165.595
RW;768;28;16;2752512;0.53776;163.791
RW;768;56;16;2752512;0.54304;162.199
RW;768;112;16;2752512;0.533696;165.038
RW;768;224;16;2752512;0.533952;164.959
RW;768;448;16;2752512;0.531296;165.784
RW;768;896;16;2752512;0.519104;169.678
RW;768;1792;16;2752512;0.501824;175.52
RW;768;3584;16;2752512;0.49808;176.84

WO;768;14;16;2752512;0.247744;177.765
WO;768;28;16;2752512;0.250784;175.61
WO;768;56;16;2752512;0.249504;176.511
WO;768;112;16;2752512;0.25008;176.104
WO;768;224;16;2752512;0.250304;175.947
WO;768;448;16;2752512;0.24656;178.619
WO;768;896;16;2752512;0.24384;180.611
WO;768;1792;16;2752512;0.241824;182.117
WO;768;3584;16;2752512;0.24144;182.406

RW;768;14;16;5505024;1.05101;167.611
RW;768;28;16;5505024;1.07907;163.252
RW;768;56;16;5505024;1.08704;162.055
RW;768;112;16;5505024;1.07693;163.577
RW;768;224;16;5505024;1.06624;165.217
RW;768;448;16;5505024;1.07018;164.609
RW;768;896;16;5505024;1.05498;166.981
RW;768;1792;16;5505024;1.02474;171.908
RW;768;3584;16;5505024;1.00429;175.409
RW;768;7168;16;5505024;0.978656;180.003

WO;768;14;16;5505024;0.495008;177.937
WO;768;28;16;5505024;0.498208;176.794
WO;768;56;16;5505024;0.500896;175.846
WO;768;112;16;5505024;0.500224;176.082
WO;768;224;16;5505024;0.499808;176.228
WO;768;448;16;5505024;0.489632;179.891
WO;768;896;16;5505024;0.491104;179.352
WO;768;1792;16;5505024;0.48624;181.146
WO;768;3584;16;5505024;0.481344;182.988
WO;768;7168;16;5505024;0.477312;184.534

RW;768;14;16;11010048;2.1335;165.138
RW;768;28;16;11010048;2.19155;160.763
RW;768;56;16;11010048;2.1873;161.076
RW;768;112;16;11010048;2.17715;161.827
RW;768;224;16;11010048;2.1697;162.383
RW;768;448;16;11010048;2.15584;163.427
RW;768;896;16;11010048;2.14355;164.363
RW;768;1792;16;11010048;2.10301;167.532
RW;768;3584;16;11010048;2.06042;170.995
RW;768;7168;16;11010048;1.99987;176.172
RW;768;14336;16;11010048;1.94934;180.739

WO;768;14;16;11010048;0.98112;179.551
WO;768;28;16;11010048;0.991264;177.713
WO;768;56;16;11010048;0.99344;177.324
WO;768;112;16;11010048;0.998784;176.375
WO;768;224;16;11010048;0.996672;176.749
WO;768;448;16;11010048;0.985728;178.711
WO;768;896;16;11010048;0.974656;180.741
WO;768;1792;16;11010048;0.967744;182.032
WO;768;3584;16;11010048;0.957344;184.01
WO;768;7168;16;11010048;0.952352;184.974
WO;768;14336;16;11010048;0.950624;185.311

RW;768;14;16;22020096;4.31363;163.353
RW;768;28;16;22020096;4.39603;160.291
RW;768;56;16;22020096;4.39402;160.364
RW;768;112;16;22020096;4.38157;160.82
RW;768;224;16;22020096;4.35584;161.77
RW;768;448;16;22020096;4.33875;162.407
RW;768;896;16;22020096;4.31014;163.485
RW;768;1792;16;22020096;4.27907;164.672
RW;768;3584;16;22020096;4.17939;168.599
RW;768;7168;16;22020096;4.08733;172.397
RW;768;14336;16;22020096;3.98653;176.756
RW;768;28672;16;22020096;3.88605;181.326

WO;768;14;16;22020096;1.96266;179.513
WO;768;28;16;22020096;1.99018;177.03
WO;768;56;16;22020096;1.99286;176.792
WO;768;112;16;22020096;1.99395;176.695
WO;768;224;16;22020096;1.99747;176.384
WO;768;448;16;22020096;1.96614;179.194
WO;768;896;16;22020096;1.96358;179.428
WO;768;1792;16;22020096;1.9489;180.78
WO;768;3584;16;22020096;1.92746;182.791
WO;768;7168;16;22020096;1.90816;184.639
WO;768;14336;16;22020096;1.89398;186.021
WO;768;28672;16;22020096;1.88918;186.494

RW;768;14;16;44040192;8.69494;162.081
RW;768;28;16;44040192;8.78819;160.361
RW;768;56;16;44040192;8.79894;160.165
RW;768;112;16;44040192;8.79872;160.169
RW;768;224;16;44040192;8.75562;160.958
RW;768;448;16;44040192;8.73334;161.368
RW;768;896;16;44040192;8.69267;162.123
RW;768;1792;16;44040192;8.63072;163.287
RW;768;3584;16;44040192;8.57418;164.364
RW;768;7168;16;44040192;8.42736;167.227
RW;768;14336;16;44040192;8.1593;172.722
RW;768;28672;16;44040192;7.9369;177.561
RW;768;57344;16;44040192;7.75766;181.664

WO;768;14;16;44040192;3.94835;178.465
WO;768;28;16;44040192;3.96947;177.516
WO;768;56;16;44040192;3.99024;176.592
WO;768;112;16;44040192;3.97699;177.18
WO;768;224;16;44040192;3.99923;176.195
WO;768;448;16;44040192;3.94445;178.642
WO;768;896;16;44040192;3.9376;178.952
WO;768;1792;16;44040192;3.90717;180.346
WO;768;3584;16;44040192;3.89942;180.704
WO;768;7168;16;44040192;3.85085;182.984
WO;768;14336;16;44040192;3.80544;185.167
WO;768;28672;16;44040192;3.77165;186.826
WO;768;57344;16;44040192;3.77334;186.742

RW;768;14;16;88080384;17.4409;161.607
RW;768;28;16;88080384;17.6141;160.018
RW;768;56;16;88080384;17.6191;159.973
RW;768;112;16;88080384;17.6332;159.844
RW;768;224;16;88080384;17.5547;160.559
RW;768;448;16;88080384;17.5197;160.88
RW;768;896;16;88080384;17.4787;161.257
RW;768;1792;16;88080384;17.4059;161.932
RW;768;3584;16;88080384;17.2961;162.96
RW;768;7168;16;88080384;17.1553;164.297
RW;768;14336;16;88080384;16.7628;168.145
RW;768;28672;16;88080384;16.3285;172.617
RW;768;57344;16;88080384;15.9663;176.533
RW;768;114688;16;88080384;15.3971;183.059

WO;768;14;16;88080384;7.88902;178.639
WO;768;28;16;88080384;7.95293;177.203
WO;768;56;16;88080384;7.97974;176.608
WO;768;112;16;88080384;7.99008;176.379
WO;768;224;16;88080384;8.02195;175.679
WO;768;448;16;88080384;7.94208;177.445
WO;768;896;16;88080384;7.88704;178.684
WO;768;1792;16;88080384;7.8815;178.809
WO;768;3584;16;88080384;7.83274;179.923
WO;768;7168;16;88080384;7.7927;180.847
WO;768;14336;16;88080384;7.70854;182.821
WO;768;28672;16;88080384;7.60246;185.372
WO;768;57344;16;88080384;7.53258;187.092
WO;768;114688;16;88080384;7.53888;186.936

