type;group_size;group_num;elem_size;elem_num;mintime;throughput
RW;64;14;16;896;0.007392;3.87879

WO;64;14;16;896;0.007424;1.93103

RW;64;14;16;1792;0.007968;7.19679
RW;64;28;16;1792;0.007424;7.72414

WO;64;14;16;1792;0.007488;3.82906
WO;64;28;16;1792;0.00816;3.51373

RW;64;14;16;3584;0.0088;13.0327
RW;64;28;16;3584;0.008288;13.8378
RW;64;56;16;3584;0.007232;15.8584

WO;64;14;16;3584;0.007392;7.75758
WO;64;28;16;3584;0.007136;8.03587
WO;64;56;16;3584;0.007424;7.72414

RW;64;14;16;7168;0.010656;21.5255
RW;64;28;16;7168;0.0088;26.0655
RW;64;56;16;7168;0.008224;27.8911
RW;64;112;16;7168;0.007488;30.6325

WO;64;14;16;7168;0.008192;14
WO;64;28;16;7168;0.007392;15.5152
WO;64;56;16;7168;0.007392;15.5152
WO;64;112;16;7168;0.007232;15.8584

RW;64;14;16;14336;0.014432;31.7871
RW;64;28;16;14336;0.010688;42.9222
RW;64;56;16;14336;0.009024;50.8369
RW;64;112;16;14336;0.008256;55.5659
RW;64;224;16;14336;0.008256;55.5659

WO;64;14;16;14336;0.009856;23.2727
WO;64;28;16;14336;0.008192;28
WO;64;56;16;14336;0.007424;30.8966
WO;64;112;16;14336;0.007392;31.0303
WO;64;224;16;14336;0.00736;31.1652

RW;64;14;16;28672;0.021792;42.1028
RW;64;28;16;28672;0.014784;62.0606
RW;64;56;16;28672;0.01152;79.6444
RW;64;112;16;28672;0.009696;94.6271
RW;64;224;16;28672;0.008832;103.884
RW;64;448;16;28672;0.009216;99.5556

WO;64;14;16;28672;0.012832;35.7506
WO;64;28;16;28672;0.009856;46.5455
WO;64;56;16;28672;0.008224;55.7821
WO;64;112;16;28672;0.008224;55.7821
WO;64;224;16;28672;0.008192;56
WO;64;448;16;28672;0.008192;56

RW;64;14;16;57344;0.049632;36.9723
RW;64;28;16;57344;0.029888;61.3961
RW;64;56;16;57344;0.021504;85.3333
RW;64;112;16;57344;0.019008;96.5387
RW;64;224;16;57344;0.016256;112.882
RW;64;448;16;57344;0.016576;110.703
RW;64;896;16;57344;0.017376;105.606

WO;64;14;16;57344;0.019552;46.9264
WO;64;28;16;57344;0.01312;69.9317
WO;64;56;16;57344;0.009824;93.3941
WO;64;112;16;57344;0.009888;92.7896
WO;64;224;16;57344;0.009856;93.0909
WO;64;448;16;57344;0.009856;93.0909
WO;64;896;16;57344;0.009856;93.0909

RW;64;14;16;114688;0.091648;40.0447
RW;64;28;16;114688;0.052736;69.5922
RW;64;56;16;114688;0.03632;101.047
RW;64;112;16;114688;0.029856;122.924
RW;64;224;16;114688;0.026464;138.68
RW;64;448;16;114688;0.026432;138.847
RW;64;896;16;114688;0.025952;141.416
RW;64;1792;16;114688;0.026016;141.068

WO;64;14;16;114688;0.032832;55.8908
WO;64;28;16;114688;0.020544;89.3209
WO;64;56;16;114688;0.013984;131.222
WO;64;112;16;114688;0.013984;131.222
WO;64;224;16;114688;0.013632;134.61
WO;64;448;16;114688;0.013952;131.523
WO;64;896;16;114688;0.0136;134.927
WO;64;1792;16;114688;0.013952;131.523

RW;64;14;16;229376;0.175296;41.8722
RW;64;28;16;229376;0.098464;74.5453
RW;64;56;16;229376;0.064352;114.061
RW;64;112;16;229376;0.052064;140.981
RW;64;224;16;229376;0.0472;155.509
RW;64;448;16;229376;0.04576;160.403
RW;64;896;16;229376;0.046432;158.081
RW;64;1792;16;229376;0.0456;160.966
RW;64;3584;16;229376;0.045536;161.192

WO;64;14;16;229376;0.058496;62.7396
WO;64;28;16;229376;0.032832;111.782
WO;64;56;16;229376;0.022208;165.256
WO;64;112;16;229376;0.022272;164.782
WO;64;224;16;229376;0.022432;163.606
WO;64;448;16;229376;0.022432;163.606
WO;64;896;16;229376;0.022048;166.456
WO;64;1792;16;229376;0.02208;166.214
WO;64;3584;16;229376;0.022368;164.074

RW;64;14;16;458752;0.344384;42.627
RW;64;28;16;458752;0.185696;79.0543
RW;64;56;16;458752;0.117344;125.103
RW;64;112;16;458752;0.097056;151.254
RW;64;224;16;458752;0.088544;165.794
RW;64;448;16;458752;0.087456;167.857
RW;64;896;16;458752;0.086848;169.032
RW;64;1792;16;458752;0.085792;171.112
RW;64;3584;16;458752;0.084288;174.166
RW;64;7168;16;458752;0.084608;173.507

WO;64;14;16;458752;0.10992;66.7761
WO;64;28;16;458752;0.05856;125.342
WO;64;56;16;458752;0.042592;172.334
WO;64;112;16;458752;0.042432;172.983
WO;64;224;16;458752;0.04256;172.463
WO;64;448;16;458752;0.042176;174.033
WO;64;896;16;458752;0.04224;173.77
WO;64;1792;16;458752;0.04176;175.767
WO;64;3584;16;458752;0.041792;175.632
WO;64;7168;16;458752;0.041632;176.307

RW;64;14;16;917504;0.67936;43.2173
RW;64;28;16;917504;0.397696;73.8256
RW;64;56;16;917504;0.242624;121.011
RW;64;112;16;917504;0.188224;155.985
RW;64;224;16;917504;0.175264;167.519
RW;64;448;16;917504;0.175008;167.764
RW;64;896;16;917504;0.174624;168.133
RW;64;1792;16;917504;0.175104;167.673
RW;64;3584;16;917504;0.170432;172.269
RW;64;7168;16;917504;0.167744;175.029
RW;64;14336;16;917504;0.16864;174.099

WO;64;14;16;917504;0.21296;68.9334
WO;64;28;16;917504;0.110016;133.436
WO;64;56;16;917504;0.083488;175.834
WO;64;112;16;917504;0.083232;176.375
WO;64;224;16;917504;0.083424;175.969
WO;64;448;16;917504;0.082688;177.536
WO;64;896;16;917504;0.082976;176.919
WO;64;1792;16;917504;0.082432;178.087
WO;64;3584;16;917504;0.081088;181.039
WO;64;7168;16;917504;0.080544;182.261
WO;64;14336;16;917504;0.080544;182.261

RW;64;14;16;1835008;1.35754;43.255
RW;64;28;16;1835008;0.72096;81.4473
RW;64;56;16;1835008;0.446336;131.561
RW;64;112;16;1835008;0.373728;157.12
RW;64;224;16;1835008;0.352128;166.758
RW;64;448;16;1835008;0.350208;167.673
RW;64;896;16;1835008;0.347488;168.985
RW;64;1792;16;1835008;0.350656;167.458
RW;64;3584;16;1835008;0.346176;169.625
RW;64;7168;16;1835008;0.33664;174.43
RW;64;14336;16;1835008;0.327136;179.498
RW;64;28672;16;1835008;0.328064;178.99

WO;64;14;16;1835008;0.419264;70.0278
WO;64;28;16;1835008;0.213728;137.371
WO;64;56;16;1835008;0.166208;176.647
WO;64;112;16;1835008;0.165568;177.33
WO;64;224;16;1835008;0.165824;177.056
WO;64;448;16;1835008;0.164864;178.087
WO;64;896;16;1835008;0.165344;177.57
WO;64;1792;16;1835008;0.166624;176.206
WO;64;3584;16;1835008;0.16528;177.639
WO;64;7168;16;1835008;0.161024;182.334
WO;64;14336;16;1835008;0.159872;183.648
WO;64;28672;16;1835008;0.15968;183.869

RW;64;14;16;3670016;2.69603;43.5605
RW;64;28;16;3670016;1.59491;73.6345
RW;64;56;16;3670016;1.01987;115.152
RW;64;112;16;3670016;0.743392;157.979
RW;64;224;16;3670016;0.716352;163.942
RW;64;448;16;3670016;0.716192;163.979
RW;64;896;16;3670016;0.703552;166.925
RW;64;1792;16;3670016;0.711264;165.115
RW;64;3584;16;3670016;0.713184;164.671
RW;64;7168;16;3670016;0.700064;167.757
RW;64;14336;16;3670016;0.68496;171.456
RW;64;28672;16;3670016;0.665024;176.596
RW;64;57344;16;3670016;0.648864;180.994

WO;64;14;16;3670016;0.83088;70.6724
WO;64;28;16;3670016;0.419616;139.938
WO;64;56;16;3670016;0.331104;177.347
WO;64;112;16;3670016;0.335808;174.863
WO;64;224;16;3670016;0.330496;177.673
WO;64;448;16;3670016;0.33344;176.104
WO;64;896;16;3670016;0.33152;177.124
WO;64;1792;16;3670016;0.334368;175.616
WO;64;3584;16;3670016;0.331776;176.988
WO;64;7168;16;3670016;0.333248;176.206
WO;64;14336;16;3670016;0.321184;182.824
WO;64;28672;16;3670016;0.314816;186.522
WO;64;57344;16;3670016;0.316096;185.767

RW;64;14;16;7340032;5.40733;43.4375
RW;64;28;16;7340032;2.86858;81.8807
RW;64;56;16;7340032;1.78582;131.525
RW;64;112;16;7340032;1.49901;156.691
RW;64;224;16;7340032;1.44429;162.628
RW;64;448;16;7340032;1.44678;162.347
RW;64;896;16;7340032;1.4177;165.678
RW;64;1792;16;7340032;1.4305;164.196
RW;64;3584;16;7340032;1.43907;163.217
RW;64;7168;16;7340032;1.43706;163.446
RW;64;14336;16;7340032;1.40893;166.709
RW;64;28672;16;7340032;1.36256;172.382
RW;64;57344;16;7340032;1.30794;179.581
RW;64;114688;16;7340032;1.29542;181.316

WO;64;14;16;7340032;1.65402;71.0033
WO;64;28;16;7340032;0.831328;141.269
WO;64;56;16;7340032;0.656128;178.99
WO;64;112;16;7340032;0.659648;178.035
WO;64;224;16;7340032;0.654272;179.498
WO;64;448;16;7340032;0.652384;180.017
WO;64;896;16;7340032;0.658688;178.295
WO;64;1792;16;7340032;0.658528;178.338
WO;64;3584;16;7340032;0.66528;176.528
WO;64;7168;16;7340032;0.662624;177.236
WO;64;14336;16;7340032;0.650816;180.451
WO;64;28672;16;7340032;0.637248;184.293
WO;64;57344;16;7340032;0.629408;186.589
WO;64;114688;16;7340032;0.631456;185.984

RW;64;14;16;14680064;10.7851;43.5565
RW;64;28;16;14680064;6.37667;73.6688
RW;64;56;16;14680064;4.1463;113.297
RW;64;112;16;14680064;3.02173;155.461
RW;64;224;16;14680064;2.90515;161.7
RW;64;448;16;14680064;2.91219;161.309
RW;64;896;16;14680064;2.87866;163.188
RW;64;1792;16;14680064;2.8825;162.971
RW;64;3584;16;14680064;2.9023;161.858
RW;64;7168;16;14680064;2.88806;162.656
RW;64;14336;16;14680064;2.864;164.023
RW;64;28672;16;14680064;2.80019;167.761
RW;64;57344;16;14680064;2.688;174.763
RW;64;114688;16;14680064;2.60662;180.219
RW;64;229376;16;14680064;2.57667;182.313

WO;64;14;16;14680064;3.29971;71.1823
WO;64;28;16;14680064;1.6537;142.034
WO;64;56;16;14680064;1.32013;177.923
WO;64;112;16;14680064;1.31347;178.825
WO;64;224;16;14680064;1.30845;179.511
WO;64;448;16;14680064;1.31776;178.243
WO;64;896;16;14680064;1.31616;178.459
WO;64;1792;16;14680064;1.32707;176.992
WO;64;3584;16;14680064;1.32778;176.898
WO;64;7168;16;14680064;1.3208;177.832
WO;64;14336;16;14680064;1.31574;178.516
WO;64;28672;16;14680064;1.29536;181.325
WO;64;57344;16;14680064;1.26096;186.272
WO;64;114688;16;14680064;1.24963;187.96
WO;64;229376;16;14680064;1.25347;187.384

RW;64;14;16;29360128;21.5777;43.5414
RW;64;28;16;29360128;11.4975;81.7155
RW;64;56;16;29360128;7.17178;131.003
RW;64;112;16;29360128;6.06486;154.913
RW;64;224;16;29360128;5.8416;160.833
RW;64;448;16;29360128;5.83501;161.015
RW;64;896;16;29360128;5.79722;162.065
RW;64;1792;16;29360128;5.81062;161.691
RW;64;3584;16;29360128;5.81056;161.693
RW;64;7168;16;29360128;5.82118;161.397
RW;64;14336;16;29360128;5.79987;161.99
RW;64;28672;16;29360128;5.7119;164.485
RW;64;57344;16;29360128;5.57078;168.652
RW;64;114688;16;29360128;5.35523;175.44
RW;64;229376;16;29360128;5.21136;180.284
RW;64;458752;16;29360128;5.14144;182.736

WO;64;14;16;29360128;6.59219;71.2604
WO;64;28;16;29360128;3.30032;142.338
WO;64;56;16;29360128;2.64291;177.744
WO;64;112;16;29360128;2.63123;178.533
WO;64;224;16;29360128;2.62643;178.859
WO;64;448;16;29360128;2.62723;178.805
WO;64;896;16;29360128;2.63347;178.381
WO;64;1792;16;29360128;2.64848;177.37
WO;64;3584;16;29360128;2.63763;178.1
WO;64;7168;16;29360128;2.63939;177.981
WO;64;14336;16;29360128;2.64064;177.897
WO;64;28672;16;29360128;2.60957;180.015
WO;64;57344;16;29360128;2.56541;183.114
WO;64;114688;16;29360128;2.50659;187.411
WO;64;229376;16;29360128;2.49674;188.15
WO;64;458752;16;29360128;2.50288;187.689

RW;64;14;16;58720256;43.1355;43.5615
RW;64;28;16;58720256;25.7461;72.9837
RW;64;56;16;58720256;16.7798;111.982
RW;64;112;16;58720256;12.2817;152.995
RW;64;224;16;58720256;11.7204;160.323
RW;64;448;16;58720256;11.6955;160.664
RW;64;896;16;58720256;11.637;161.472
RW;64;1792;16;58720256;11.6109;161.834
RW;64;3584;16;58720256;11.6668;161.06
RW;64;7168;16;58720256;11.6756;160.939
RW;64;14336;16;58720256;11.6559;161.21
RW;64;28672;16;58720256;11.5866;162.174
RW;64;57344;16;58720256;11.4309;164.383
RW;64;114688;16;58720256;11.1392;168.687
RW;64;229376;16;58720256;10.7349;175.04
RW;64;458752;16;58720256;10.4363;180.049
RW;64;917504;16;58720256;10.2637;183.077

WO;64;14;16;58720256;13.176;71.3055
WO;64;28;16;58720256;6.59395;142.483
WO;64;56;16;58720256;5.30384;177.14
WO;64;112;16;58720256;5.28653;177.72
WO;64;224;16;58720256;5.30278;177.176
WO;64;448;16;58720256;5.28192;177.875
WO;64;896;16;58720256;5.26966;178.289
WO;64;1792;16;58720256;5.34406;175.807
WO;64;3584;16;58720256;5.35053;175.595
WO;64;7168;16;58720256;5.30986;176.94
WO;64;14336;16;58720256;5.29539;177.423
WO;64;28672;16;58720256;5.27664;178.053
WO;64;57344;16;58720256;5.22666;179.756
WO;64;114688;16;58720256;5.12915;183.173
WO;64;229376;16;58720256;5.01267;187.43
WO;64;458752;16;58720256;4.99181;188.213
WO;64;917504;16;58720256;5.00477;187.726

RW;64;14;16;117440512;86.3693;43.512
RW;64;28;16;117440512;46.0708;81.5723
RW;64;56;16;117440512;28.7815;130.573
RW;64;112;16;117440512;24.3926;154.067
RW;64;224;16;117440512;23.465;160.157
RW;64;448;16;117440512;23.4393;160.333
RW;64;896;16;117440512;23.3434;160.992
RW;64;1792;16;117440512;21.8549;171.957
RW;64;3584;16;117440512;23.2852;161.394
RW;64;7168;16;117440512;23.4316;160.386
RW;64;14336;16;117440512;23.3808;160.735
RW;64;28672;16;117440512;23.3317;161.072
RW;64;57344;16;117440512;23.2027;161.968
RW;64;114688;16;117440512;22.7828;164.953
RW;64;229376;16;117440512;22.2852;168.637
RW;64;458752;16;117440512;21.3991;175.619
RW;64;917504;16;117440512;20.8224;180.483
RW;64;1835008;16;117440512;20.5114;183.22

WO;64;14;16;117440512;26.3441;71.327
WO;64;28;16;117440512;13.1761;142.61
WO;64;56;16;117440512;10.6441;176.535
WO;64;112;16;117440512;10.6158;177.005
WO;64;224;16;117440512;10.6087;177.123
WO;64;448;16;117440512;10.5871;177.484
WO;64;896;16;117440512;10.5458;178.18
WO;64;1792;16;117440512;10.7283;175.148
WO;64;3584;16;117440512;10.6857;175.847
WO;64;7168;16;117440512;10.6216;176.909
WO;64;14336;16;117440512;10.61;177.102
WO;64;28672;16;117440512;10.5548;178.028
WO;64;57344;16;117440512;10.5682;177.802
WO;64;114688;16;117440512;10.4447;179.905
WO;64;229376;16;117440512;10.2456;183.401
WO;64;458752;16;117440512;10.0149;187.624
WO;64;917504;16;117440512;9.95853;188.687
WO;64;1835008;16;117440512;9.99856;187.932

RW;128;14;16;1792;0.007392;7.75758

WO;128;14;16;1792;0.007264;3.94714

RW;128;14;16;3584;0.008256;13.8915
RW;128;28;16;3584;0.007392;15.5152

WO;128;14;16;3584;0.007168;8
WO;128;28;16;3584;0.007232;7.9292

RW;128;14;16;7168;0.0088;26.0655
RW;128;28;16;7168;0.008224;27.8911
RW;128;56;16;7168;0.007488;30.6325

WO;128;14;16;7168;0.007392;15.5152
WO;128;28;16;7168;0.0072;15.9289
WO;128;56;16;7168;0.007392;15.5152

RW;128;14;16;14336;0.010688;42.9222
RW;128;28;16;14336;0.008832;51.942
RW;128;56;16;14336;0.008224;55.7821
RW;128;112;16;14336;0.008224;55.7821

WO;128;14;16;14336;0.008192;28
WO;128;28;16;14336;0.007424;30.8966
WO;128;56;16;14336;0.00736;31.1652
WO;128;112;16;14336;0.007392;31.0303

RW;128;14;16;28672;0.014848;61.7931
RW;128;28;16;28672;0.011296;81.2238
RW;128;56;16;28672;0.00992;92.4903
RW;128;112;16;28672;0.009088;100.958
RW;128;224;16;28672;0.009088;100.958

WO;128;14;16;28672;0.009856;46.5455
WO;128;28;16;28672;0.008224;55.7821
WO;128;56;16;28672;0.008256;55.5659
WO;128;112;16;28672;0.008192;56
WO;128;224;16;28672;0.008224;55.7821

RW;128;14;16;57344;0.030528;60.109
RW;128;28;16;57344;0.021536;85.2065
RW;128;56;16;57344;0.019008;96.5387
RW;128;112;16;57344;0.01616;113.552
RW;128;224;16;57344;0.016192;113.328
RW;128;448;16;57344;0.015808;116.081

WO;128;14;16;57344;0.01312;69.9317
WO;128;28;16;57344;0.009856;93.0909
WO;128;56;16;57344;0.00992;92.4903
WO;128;112;16;57344;0.009856;93.0909
WO;128;224;16;57344;0.009856;93.0909
WO;128;448;16;57344;0.009856;93.0909

RW;128;14;16;114688;0.052064;70.4905
RW;128;28;16;114688;0.035616;103.044
RW;128;56;16;114688;0.02976;123.32
RW;128;112;16;114688;0.026464;138.68
RW;128;224;16;114688;0.025664;143.002
RW;128;448;16;114688;0.024928;147.225
RW;128;896;16;114688;0.024928;147.225

WO;128;14;16;114688;0.020544;89.3209
WO;128;28;16;114688;0.013984;131.222
WO;128;56;16;114688;0.013952;131.523
WO;128;112;16;114688;0.013952;131.523
WO;128;224;16;114688;0.013632;134.61
WO;128;448;16;114688;0.013984;131.222
WO;128;896;16;114688;0.013632;134.61

RW;128;14;16;229376;0.097728;75.1067
RW;128;28;16;229376;0.063808;115.033
RW;128;56;16;229376;0.052096;140.894
RW;128;112;16;229376;0.047136;155.72
RW;128;224;16;229376;0.046336;158.409
RW;128;448;16;229376;0.044992;163.141
RW;128;896;16;229376;0.0448;163.84
RW;128;1792;16;229376;0.043168;170.034

WO;128;14;16;229376;0.032864;111.673
WO;128;28;16;229376;0.022464;163.373
WO;128;56;16;229376;0.022336;164.309
WO;128;112;16;229376;0.022304;164.545
WO;128;224;16;229376;0.022336;164.309
WO;128;448;16;229376;0.02224;165.019
WO;128;896;16;229376;0.022208;165.256
WO;128;1792;16;229376;0.02224;165.019

RW;128;14;16;458752;0.185696;79.0543
RW;128;28;16;458752;0.117952;124.458
RW;128;56;16;458752;0.0976;150.41
RW;128;112;16;458752;0.087616;167.55
RW;128;224;16;458752;0.086112;170.476
RW;128;448;16;458752;0.08608;170.54
RW;128;896;16;458752;0.084896;172.918
RW;128;1792;16;458752;0.083552;175.7
RW;128;3584;16;458752;0.082496;177.949

WO;128;14;16;458752;0.05856;125.342
WO;128;28;16;458752;0.042496;172.723
WO;128;56;16;458752;0.042464;172.853
WO;128;112;16;458752;0.042976;170.794
WO;128;224;16;458752;0.042432;172.983
WO;128;448;16;458752;0.042144;174.166
WO;128;896;16;458752;0.041792;175.632
WO;128;1792;16;458752;0.04192;175.096
WO;128;3584;16;458752;0.041504;176.851

RW;128;14;16;917504;0.393984;74.5211
RW;128;28;16;917504;0.246816;118.956
RW;128;56;16;917504;0.189184;155.194
RW;128;112;16;917504;0.176192;166.637
RW;128;224;16;917504;0.175488;167.306
RW;128;448;16;917504;0.176896;165.974
RW;128;896;16;917504;0.173312;169.406
RW;128;1792;16;917504;0.171456;171.24
RW;128;3584;16;917504;0.16784;174.929
RW;128;7168;16;917504;0.165888;176.988

WO;128;14;16;917504;0.110016;133.436
WO;128;28;16;917504;0.083232;176.375
WO;128;56;16;917504;0.08256;177.811
WO;128;112;16;917504;0.083264;176.307
WO;128;224;16;917504;0.082624;177.673
WO;128;448;16;917504;0.08256;177.811
WO;128;896;16;917504;0.082432;178.087
WO;128;1792;16;917504;0.081504;180.115
WO;128;3584;16;917504;0.080992;181.253
WO;128;7168;16;917504;0.08064;182.044

RW;128;14;16;1835008;0.724064;81.0982
RW;128;28;16;1835008;0.44848;130.932
RW;128;56;16;1835008;0.374272;156.892
RW;128;112;16;1835008;0.356992;164.486
RW;128;224;16;1835008;0.361248;162.548
RW;128;448;16;1835008;0.363072;161.732
RW;128;896;16;1835008;0.355008;165.405
RW;128;1792;16;1835008;0.352128;166.758
RW;128;3584;16;1835008;0.345792;169.814
RW;128;7168;16;1835008;0.33728;174.099
RW;128;14336;16;1835008;0.330848;177.484

WO;128;14;16;1835008;0.213824;137.31
WO;128;28;16;1835008;0.166112;176.749
WO;128;56;16;1835008;0.164832;178.122
WO;128;112;16;1835008;0.16448;178.503
WO;128;224;16;1835008;0.16608;176.783
WO;128;448;16;1835008;0.164896;178.052
WO;128;896;16;1835008;0.165504;177.398
WO;128;1792;16;1835008;0.164384;178.607
WO;128;3584;16;1835008;0.161952;181.289
WO;128;7168;16;1835008;0.160544;182.879
WO;128;14336;16;1835008;0.160832;182.552

RW;128;14;16;3670016;1.59405;73.6744
RW;128;28;16;3670016;1.02042;115.091
RW;128;56;16;3670016;0.745824;157.464
RW;128;112;16;3670016;0.714784;164.302
RW;128;224;16;3670016;0.722496;162.548
RW;128;448;16;3670016;0.729632;160.959
RW;128;896;16;3670016;0.716832;163.833
RW;128;1792;16;3670016;0.7168;163.84
RW;128;3584;16;3670016;0.707104;166.087
RW;128;7168;16;3670016;0.698272;168.187
RW;128;14336;16;3670016;0.679584;172.812
RW;128;28672;16;3670016;0.657312;178.668

WO;128;14;16;3670016;0.419616;139.938
WO;128;28;16;3670016;0.328736;178.624
WO;128;56;16;3670016;0.329056;178.451
WO;128;112;16;3670016;0.328256;178.886
WO;128;224;16;3670016;0.330048;177.914
WO;128;448;16;3670016;0.333728;175.952
WO;128;896;16;3670016;0.33152;177.124
WO;128;1792;16;3670016;0.329952;177.966
WO;128;3584;16;3670016;0.322464;182.099
WO;128;7168;16;3670016;0.321312;182.752
WO;128;14336;16;3670016;0.31664;185.448
WO;128;28672;16;3670016;0.316672;185.429

RW;128;14;16;7340032;2.86189;82.0721
RW;128;28;16;7340032;1.7824;131.778
RW;128;56;16;7340032;1.50288;156.287
RW;128;112;16;7340032;1.45341;161.607
RW;128;224;16;7340032;1.4559;161.33
RW;128;448;16;7340032;1.44947;162.046
RW;128;896;16;7340032;1.45363;161.582
RW;128;1792;16;7340032;1.44464;162.588
RW;128;3584;16;7340032;1.43866;163.264
RW;128;7168;16;7340032;1.42397;164.948
RW;128;14336;16;7340032;1.38115;170.062
RW;128;28672;16;7340032;1.34902;174.112
RW;128;57344;16;7340032;1.31514;178.598

WO;128;14;16;7340032;0.830688;141.377
WO;128;28;16;7340032;0.657952;178.494
WO;128;56;16;7340032;0.651328;180.309
WO;128;112;16;7340032;0.651808;180.177
WO;128;224;16;7340032;0.66112;177.639
WO;128;448;16;7340032;0.658784;178.269
WO;128;896;16;7340032;0.666592;176.181
WO;128;1792;16;7340032;0.659744;178.009
WO;128;3584;16;7340032;0.65024;180.611
WO;128;7168;16;7340032;0.644064;182.343
WO;128;14336;16;7340032;0.638176;184.025
WO;128;28672;16;7340032;0.631136;186.078
WO;128;57344;16;7340032;0.630048;186.399

RW;128;14;16;14680064;6.37373;73.7029
RW;128;28;16;14680064;4.15734;112.996
RW;128;56;16;14680064;3.01821;155.643
RW;128;112;16;14680064;2.92125;160.809
RW;128;224;16;14680064;2.92419;160.647
RW;128;448;16;14680064;2.9136;161.231
RW;128;896;16;14680064;2.91024;161.417
RW;128;1792;16;14680064;2.91645;161.073
RW;128;3584;16;14680064;2.90518;161.698
RW;128;7168;16;14680064;2.88435;162.866
RW;128;14336;16;14680064;2.83162;165.899
RW;128;28672;16;14680064;2.75171;170.716
RW;128;57344;16;14680064;2.68451;174.99
RW;128;114688;16;14680064;2.61862;179.393

WO;128;14;16;14680064;1.6543;141.982
WO;128;28;16;14680064;1.31872;178.113
WO;128;56;16;14680064;1.30826;179.538
WO;128;112;16;14680064;1.31014;179.279
WO;128;224;16;14680064;1.32186;177.69
WO;128;448;16;14680064;1.32288;177.553
WO;128;896;16;14680064;1.33216;176.316
WO;128;1792;16;14680064;1.32067;177.85
WO;128;3584;16;14680064;1.30979;179.327
WO;128;7168;16;14680064;1.29677;181.128
WO;128;14336;16;14680064;1.28678;182.533
WO;128;28672;16;14680064;1.26656;185.448
WO;128;57344;16;14680064;1.2568;186.888
WO;128;114688;16;14680064;1.26163;186.172

RW;128;14;16;29360128;11.4944;81.7376
RW;128;28;16;29360128;7.16541;131.119
RW;128;56;16;29360128;6.06208;154.984
RW;128;112;16;29360128;5.83638;160.977
RW;128;224;16;29360128;5.85216;160.543
RW;128;448;16;29360128;5.84458;160.751
RW;128;896;16;29360128;5.8503;160.594
RW;128;1792;16;29360128;5.8368;160.966
RW;128;3584;16;29360128;5.85168;160.556
RW;128;7168;16;29360128;5.82947;161.168
RW;128;14336;16;29360128;5.75427;163.274
RW;128;28672;16;29360128;5.63638;166.689
RW;128;57344;16;29360128;5.48413;171.317
RW;128;114688;16;29360128;5.36214;175.214
RW;128;229376;16;29360128;5.24563;179.106

WO;128;14;16;29360128;3.30198;142.267
WO;128;28;16;29360128;2.64035;177.916
WO;128;56;16;29360128;2.61309;179.773
WO;128;112;16;29360128;2.63059;178.577
WO;128;224;16;29360128;2.64918;177.323
WO;128;448;16;29360128;2.64906;177.332
WO;128;896;16;29360128;2.64797;177.405
WO;128;1792;16;29360128;2.65408;176.996
WO;128;3584;16;29360128;2.64355;177.701
WO;128;7168;16;29360128;2.6273;178.801
WO;128;14336;16;29360128;2.59875;180.764
WO;128;28672;16;29360128;2.56525;183.125
WO;128;57344;16;29360128;2.52419;186.104
WO;128;114688;16;29360128;2.50314;187.669
WO;128;229376;16;29360128;2.51571;186.731

RW;128;14;16;58720256;25.6554;73.2418
RW;128;28;16;58720256;16.7848;111.95
RW;128;56;16;58720256;12.2626;153.234
RW;128;112;16;58720256;11.7064;160.514
RW;128;224;16;58720256;11.7346;160.129
RW;128;448;16;58720256;11.7154;160.392
RW;128;896;16;58720256;11.7262;160.243
RW;128;1792;16;58720256;11.7216;160.307
RW;128;3584;16;58720256;11.7196;160.334
RW;128;7168;16;58720256;11.7025;160.569
RW;128;14336;16;58720256;11.6329;161.528
RW;128;28672;16;58720256;11.4958;163.455
RW;128;57344;16;58720256;11.3029;166.244
RW;128;114688;16;58720256;10.98;171.133
RW;128;229376;16;58720256;10.7519;174.765
RW;128;458752;16;58720256;10.4616;179.614

WO;128;14;16;58720256;6.59219;142.521
WO;128;28;16;58720256;5.29562;177.415
WO;128;56;16;58720256;5.27005;178.276
WO;128;112;16;58720256;5.25555;178.768
WO;128;224;16;58720256;5.31296;176.836
WO;128;448;16;58720256;5.30595;177.07
WO;128;896;16;58720256;5.34435;175.798
WO;128;1792;16;58720256;5.3297;176.281
WO;128;3584;16;58720256;5.31984;176.608
WO;128;7168;16;58720256;5.30848;176.986
WO;128;14336;16;58720256;5.256;178.753
WO;128;28672;16;58720256;5.20765;180.412
WO;128;57344;16;58720256;5.15395;182.292
WO;128;114688;16;58720256;5.05254;185.951
WO;128;229376;16;58720256;5.00144;187.851
WO;128;458752;16;58720256;5.01971;187.167

RW;128;14;16;117440512;46.0743;81.566
RW;128;28;16;117440512;28.8054;130.465
RW;128;56;16;117440512;24.3932;154.063
RW;128;112;16;117440512;23.4775;160.072
RW;128;224;16;117440512;23.4792;160.06
RW;128;448;16;117440512;23.4606;160.188
RW;128;896;16;117440512;23.4949;159.954
RW;128;1792;16;117440512;23.4946;159.956
RW;128;3584;16;117440512;23.4868;160.009
RW;128;7168;16;117440512;23.4042;160.573
RW;128;14336;16;117440512;23.4012;160.595
RW;128;28672;16;117440512;23.2777;161.446
RW;128;57344;16;117440512;23.0149;163.29
RW;128;114688;16;117440512;22.5494;166.661
RW;128;229376;16;117440512;21.933;171.345
RW;128;458752;16;117440512;21.446;175.235
RW;128;917504;16;117440512;20.9308;179.549

WO;128;14;16;117440512;13.1765;142.606
WO;128;28;16;117440512;10.6206;176.924
WO;128;56;16;117440512;10.5493;178.12
WO;128;112;16;117440512;10.5789;177.622
WO;128;224;16;117440512;10.6444;176.528
WO;128;448;16;117440512;10.6225;176.893
WO;128;896;16;117440512;10.6766;175.996
WO;128;1792;16;117440512;10.7465;174.852
WO;128;3584;16;117440512;10.6128;177.055
WO;128;7168;16;117440512;10.6518;176.407
WO;128;14336;16;117440512;10.5945;177.36
WO;128;28672;16;117440512;10.5479;178.144
WO;128;57344;16;117440512;10.4248;180.247
WO;128;114688;16;117440512;10.274;182.894
WO;128;229376;16;117440512;10.06;186.785
WO;128;458752;16;117440512;9.99722;187.957
WO;128;917504;16;117440512;10.0253;187.43

RW;256;14;16;3584;0.007424;15.4483

WO;256;14;16;3584;0.007392;7.75758

RW;256;14;16;7168;0.008256;27.7829
RW;256;28;16;7168;0.007488;30.6325

WO;256;14;16;7168;0.007392;15.5152
WO;256;28;16;7168;0.007424;15.4483

RW;256;14;16;14336;0.009056;50.6572
RW;256;28;16;14336;0.008256;55.5659
RW;256;56;16;14336;0.008256;55.5659

WO;256;14;16;14336;0.007392;31.0303
WO;256;28;16;14336;0.007392;31.0303
WO;256;56;16;14336;0.007424;30.8966

RW;256;14;16;28672;0.011552;79.4238
RW;256;28;16;28672;0.009888;92.7896
RW;256;56;16;28672;0.009056;101.314
RW;256;112;16;28672;0.008864;103.509

WO;256;14;16;28672;0.008224;55.7821
WO;256;28;16;28672;0.008224;55.7821
WO;256;56;16;28672;0.008224;55.7821
WO;256;112;16;28672;0.008224;55.7821

RW;256;14;16;57344;0.021536;85.2065
RW;256;28;16;57344;0.018592;98.6988
RW;256;56;16;57344;0.016512;111.132
RW;256;112;16;57344;0.015744;116.553
RW;256;224;16;57344;0.015744;116.553

WO;256;14;16;57344;0.009888;92.7896
WO;256;28;16;57344;0.009888;92.7896
WO;256;56;16;57344;0.009888;92.7896
WO;256;112;16;57344;0.009856;93.0909
WO;256;224;16;57344;0.009856;93.0909

RW;256;14;16;114688;0.035616;103.044
RW;256;28;16;114688;0.02992;122.661
RW;256;56;16;114688;0.0264;139.016
RW;256;112;16;114688;0.025664;143.002
RW;256;224;16;114688;0.0256;143.36
RW;256;448;16;114688;0.024864;147.604

WO;256;14;16;114688;0.013952;131.523
WO;256;28;16;114688;0.013952;131.523
WO;256;56;16;114688;0.013632;134.61
WO;256;112;16;114688;0.013984;131.222
WO;256;224;16;114688;0.013984;131.222
WO;256;448;16;114688;0.013632;134.61

RW;256;14;16;229376;0.065568;111.945
RW;256;28;16;229376;0.05136;142.913
RW;256;56;16;229376;0.047232;155.404
RW;256;112;16;229376;0.045504;161.305
RW;256;224;16;229376;0.044864;163.606
RW;256;448;16;229376;0.0448;163.84
RW;256;896;16;229376;0.043808;167.55

WO;256;14;16;229376;0.022272;164.782
WO;256;28;16;229376;0.02224;165.019
WO;256;56;16;229376;0.0224;163.84
WO;256;112;16;229376;0.022336;164.309
WO;256;224;16;229376;0.022368;164.074
WO;256;448;16;229376;0.0224;163.84
WO;256;896;16;229376;0.022304;164.545

RW;256;14;16;458752;0.117856;124.559
RW;256;28;16;458752;0.096064;152.815
RW;256;56;16;458752;0.088224;166.395
RW;256;112;16;458752;0.085696;171.304
RW;256;224;16;458752;0.086272;170.16
RW;256;448;16;458752;0.08576;171.176
RW;256;896;16;458752;0.083584;175.632
RW;256;1792;16;458752;0.082464;178.018

WO;256;14;16;458752;0.04288;171.176
WO;256;28;16;458752;0.042272;173.638
WO;256;56;16;458752;0.042528;172.593
WO;256;112;16;458752;0.042528;172.593
WO;256;224;16;458752;0.042336;173.376
WO;256;448;16;458752;0.042208;173.901
WO;256;896;16;458752;0.041984;174.829
WO;256;1792;16;458752;0.041952;174.963

RW;256;14;16;917504;0.237632;123.553
RW;256;28;16;917504;0.188288;155.932
RW;256;56;16;917504;0.17552;167.275
RW;256;112;16;917504;0.1744;168.349
RW;256;224;16;917504;0.177888;165.048
RW;256;448;16;917504;0.17648;166.365
RW;256;896;16;917504;0.170688;172.01
RW;256;1792;16;917504;0.167488;175.297
RW;256;3584;16;917504;0.166176;176.681

WO;256;14;16;917504;0.0832;176.443
WO;256;28;16;917504;0.08256;177.811
WO;256;56;16;917504;0.083392;176.037
WO;256;112;16;917504;0.08288;177.124
WO;256;224;16;917504;0.082144;178.711
WO;256;448;16;917504;0.08272;177.467
WO;256;896;16;917504;0.082144;178.711
WO;256;1792;16;917504;0.081056;181.11
WO;256;3584;16;917504;0.081088;181.039

RW;256;14;16;1835008;0.451584;130.032
RW;256;28;16;1835008;0.3784;155.18
RW;256;56;16;1835008;0.356544;164.693
RW;256;112;16;1835008;0.357152;164.413
RW;256;224;16;1835008;0.359808;163.199
RW;256;448;16;1835008;0.355168;165.331
RW;256;896;16;1835008;0.352384;166.637
RW;256;1792;16;1835008;0.351872;166.88
RW;256;3584;16;1835008;0.34096;172.22
RW;256;7168;16;1835008;0.33008;177.897

WO;256;14;16;1835008;0.165856;177.022
WO;256;28;16;1835008;0.165152;177.776
WO;256;56;16;1835008;0.165376;177.536
WO;256;112;16;1835008;0.165952;176.919
WO;256;224;16;1835008;0.164576;178.399
WO;256;448;16;1835008;0.164864;178.087
WO;256;896;16;1835008;0.163392;179.691
WO;256;1792;16;1835008;0.162144;181.074
WO;256;3584;16;1835008;0.160672;182.733
WO;256;7168;16;1835008;0.160416;183.025

RW;256;14;16;3670016;1.01219;116.026
RW;256;28;16;3670016;0.743936;157.864
RW;256;56;16;3670016;0.718944;163.351
RW;256;112;16;3670016;0.725696;161.832
RW;256;224;16;3670016;0.720512;162.996
RW;256;448;16;3670016;0.719616;163.199
RW;256;896;16;3670016;0.71392;164.501
RW;256;1792;16;3670016;0.704128;166.789
RW;256;3584;16;3670016;0.695744;168.798
RW;256;7168;16;3670016;0.676416;173.622
RW;256;14336;16;3670016;0.661216;177.613

WO;256;14;16;3670016;0.328064;178.99
WO;256;28;16;3670016;0.329344;178.295
WO;256;56;16;3670016;0.32864;178.677
WO;256;112;16;3670016;0.330592;177.622
WO;256;224;16;3670016;0.330048;177.914
WO;256;448;16;3670016;0.329824;178.035
WO;256;896;16;3670016;0.327776;179.148
WO;256;1792;16;3670016;0.323488;181.522
WO;256;3584;16;3670016;0.320896;182.988
WO;256;7168;16;3670016;0.317344;185.037
WO;256;14336;16;3670016;0.31696;185.261

RW;256;14;16;7340032;1.78851;131.328
RW;256;28;16;7340032;1.51085;155.463
RW;256;56;16;7340032;1.45194;161.771
RW;256;112;16;7340032;1.45082;161.896
RW;256;224;16;7340032;1.45104;161.871
RW;256;448;16;7340032;1.44349;162.718
RW;256;896;16;7340032;1.44621;162.412
RW;256;1792;16;7340032;1.43341;163.862
RW;256;3584;16;7340032;1.41872;165.558
RW;256;7168;16;7340032;1.38806;169.215
RW;256;14336;16;7340032;1.34835;174.199
RW;256;28672;16;7340032;1.31808;178.199

WO;256;14;16;7340032;0.657312;178.668
WO;256;28;16;7340032;0.657184;178.703
WO;256;56;16;7340032;0.651936;180.141
WO;256;112;16;7340032;0.6608;177.725
WO;256;224;16;7340032;0.65792;178.503
WO;256;448;16;7340032;0.658656;178.303
WO;256;896;16;7340032;0.664416;176.758
WO;256;1792;16;7340032;0.656416;178.912
WO;256;3584;16;7340032;0.645856;181.837
WO;256;7168;16;7340032;0.641664;183.025
WO;256;14336;16;7340032;0.631552;185.955
WO;256;28672;16;7340032;0.632704;185.617

RW;256;14;16;14680064;4.15837;112.968
RW;256;28;16;14680064;3.00653;156.247
RW;256;56;16;14680064;2.90826;161.527
RW;256;112;16;14680064;2.91997;160.879
RW;256;224;16;14680064;2.91587;161.105
RW;256;448;16;14680064;2.9072;161.586
RW;256;896;16;14680064;2.90797;161.543
RW;256;1792;16;14680064;2.90413;161.757
RW;256;3584;16;14680064;2.88285;162.951
RW;256;7168;16;14680064;2.82829;166.094
RW;256;14336;16;14680064;2.75174;170.714
RW;256;28672;16;14680064;2.6919;174.509
RW;256;57344;16;14680064;2.63856;178.037

WO;256;14;16;14680064;1.31293;178.899
WO;256;28;16;14680064;1.30765;179.621
WO;256;56;16;14680064;1.30662;179.762
WO;256;112;16;14680064;1.32928;176.698
WO;256;224;16;14680064;1.31754;178.273
WO;256;448;16;14680064;1.31453;178.681
WO;256;896;16;14680064;1.31869;178.117
WO;256;1792;16;14680064;1.30995;179.305
WO;256;3584;16;14680064;1.30234;180.354
WO;256;7168;16;14680064;1.28416;182.906
WO;256;14336;16;14680064;1.26896;185.097
WO;256;28672;16;14680064;1.25619;186.979
WO;256;57344;16;14680064;1.26013;186.395

RW;256;14;16;29360128;7.17501;130.944
RW;256;28;16;29360128;6.05462;155.175
RW;256;56;16;29360128;5.84496;160.741
RW;256;112;16;29360128;5.85155;160.56
RW;256;224;16;29360128;5.83939;160.894
RW;256;448;16;29360128;5.83882;160.91
RW;256;896;16;29360128;5.82774;161.216
RW;256;1792;16;29360128;5.83318;161.065
RW;256;3584;16;29360128;5.81005;161.707
RW;256;7168;16;29360128;5.75075;163.374
RW;256;14336;16;29360128;5.62547;167.012
RW;256;28672;16;29360128;5.48742;171.214
RW;256;57344;16;29360128;5.36611;175.085
RW;256;114688;16;29360128;5.25699;178.719

WO;256;14;16;29360128;2.63344;178.383
WO;256;28;16;29360128;2.62349;179.06
WO;256;56;16;29360128;2.61728;179.485
WO;256;112;16;29360128;2.65219;177.122
WO;256;224;16;29360128;2.63923;177.992
WO;256;448;16;29360128;2.65277;177.084
WO;256;896;16;29360128;2.65965;176.626
WO;256;1792;16;29360128;2.6305;178.583
WO;256;3584;16;29360128;2.61082;179.929
WO;256;7168;16;29360128;2.59075;181.323
WO;256;14336;16;29360128;2.5639;183.221
WO;256;28672;16;29360128;2.52954;185.711
WO;256;57344;16;29360128;2.50426;187.585
WO;256;114688;16;29360128;2.51139;187.052

RW;256;14;16;58720256;16.7622;112.1
RW;256;28;16;58720256;12.2532;153.351
RW;256;56;16;58720256;11.7093;160.475
RW;256;112;16;58720256;11.7174;160.363
RW;256;224;16;58720256;11.7036;160.554
RW;256;448;16;58720256;11.706;160.52
RW;256;896;16;58720256;11.7193;160.338
RW;256;1792;16;58720256;11.7083;160.488
RW;256;3584;16;58720256;11.6512;161.275
RW;256;7168;16;58720256;11.6295;161.576
RW;256;14336;16;58720256;11.5117;163.23
RW;256;28672;16;58720256;11.3026;166.249
RW;256;57344;16;58720256;10.986;171.04
RW;256;114688;16;58720256;10.7727;174.427
RW;256;229376;16;58720256;10.5103;178.781

WO;256;14;16;58720256;5.28342;177.825
WO;256;28;16;58720256;5.25251;178.871
WO;256;56;16;58720256;5.24771;179.035
WO;256;112;16;58720256;5.30864;176.98
WO;256;224;16;58720256;5.2888;177.644
WO;256;448;16;58720256;5.2879;177.674
WO;256;896;16;58720256;5.31149;176.885
WO;256;1792;16;58720256;5.26528;178.438
WO;256;3584;16;58720256;5.25283;178.86
WO;256;7168;16;58720256;5.22982;179.647
WO;256;14336;16;58720256;5.20058;180.658
WO;256;28672;16;58720256;5.15328;182.316
WO;256;57344;16;58720256;5.05808;185.747
WO;256;114688;16;58720256;5.01117;187.486
WO;256;229376;16;58720256;5.02278;187.052

RW;256;14;16;117440512;28.7839;130.562
RW;256;28;16;117440512;24.3948;154.053
RW;256;56;16;117440512;23.4609;160.185
RW;256;112;16;117440512;23.4853;160.019
RW;256;224;16;117440512;23.4606;160.188
RW;256;448;16;117440512;23.4631;160.17
RW;256;896;16;117440512;23.4727;160.105
RW;256;1792;16;117440512;23.4796;160.058
RW;256;3584;16;117440512;23.3979;160.617
RW;256;7168;16;117440512;23.3164;161.179
RW;256;14336;16;117440512;23.2812;161.422
RW;256;28672;16;117440512;23.0135;163.3
RW;256;57344;16;117440512;22.5506;166.652
RW;256;114688;16;117440512;21.9015;171.591
RW;256;229376;16;117440512;21.4417;175.27
RW;256;458752;16;117440512;21.0572;178.471

WO;256;14;16;117440512;10.6032;177.215
WO;256;28;16;117440512;10.5595;177.949
WO;256;56;16;117440512;10.5656;177.845
WO;256;112;16;117440512;10.6411;176.585
WO;256;224;16;117440512;10.6207;176.924
WO;256;448;16;117440512;10.6532;176.384
WO;256;896;16;117440512;10.7381;174.989
WO;256;1792;16;117440512;10.6046;177.191
WO;256;3584;16;117440512;10.5624;177.9
WO;256;7168;16;117440512;10.5324;178.407
WO;256;14336;16;117440512;10.5142;178.716
WO;256;28672;16;117440512;10.4164;180.394
WO;256;57344;16;117440512;10.2733;182.905
WO;256;114688;16;117440512;10.0793;186.427
WO;256;229376;16;117440512;9.99574;187.985
WO;256;458752;16;117440512;10.0332;187.283

RW;512;14;16;7168;0.007968;28.7871

WO;512;14;16;7168;0.007392;15.5152

RW;512;14;16;14336;0.009024;50.8369
RW;512;28;16;14336;0.00832;55.1385

WO;512;14;16;14336;0.007424;30.8966
WO;512;28;16;14336;0.00736;31.1652

RW;512;14;16;28672;0.009888;92.7896
RW;512;28;16;28672;0.009056;101.314
RW;512;56;16;28672;0.009184;99.9024

WO;512;14;16;28672;0.008256;55.5659
WO;512;28;16;28672;0.008224;55.7821
WO;512;56;16;28672;0.008224;55.7821

RW;512;14;16;57344;0.01904;96.3765
RW;512;28;16;57344;0.016512;111.132
RW;512;56;16;57344;0.01584;115.846
RW;512;112;16;57344;0.01616;113.552

WO;512;14;16;57344;0.009888;92.7896
WO;512;28;16;57344;0.009856;93.0909
WO;512;56;16;57344;0.009856;93.0909
WO;512;112;16;57344;0.009856;93.0909

RW;512;14;16;114688;0.029728;123.453
RW;512;28;16;114688;0.02656;138.178
RW;512;56;16;114688;0.025568;143.539
RW;512;112;16;114688;0.025664;143.002
RW;512;224;16;114688;0.025632;143.181

WO;512;14;16;114688;0.013984;131.222
WO;512;28;16;114688;0.013984;131.222
WO;512;56;16;114688;0.013952;131.523
WO;512;112;16;114688;0.013952;131.523
WO;512;224;16;114688;0.013664;134.295

RW;512;14;16;229376;0.052192;140.635
RW;512;28;16;229376;0.048032;152.815
RW;512;56;16;229376;0.046368;158.3
RW;512;112;16;229376;0.045536;161.192
RW;512;224;16;229376;0.044832;163.723
RW;512;448;16;229376;0.043872;167.306

WO;512;14;16;229376;0.022528;162.909
WO;512;28;16;229376;0.022624;162.218
WO;512;56;16;229376;0.022496;163.141
WO;512;112;16;229376;0.022528;162.909
WO;512;224;16;229376;0.02224;165.019
WO;512;448;16;229376;0.022304;164.545

RW;512;14;16;458752;0.098688;148.752
RW;512;28;16;458752;0.089632;163.782
RW;512;56;16;458752;0.085728;171.24
RW;512;112;16;458752;0.08608;170.54
RW;512;224;16;458752;0.08624;170.223
RW;512;448;16;458752;0.084128;174.497
RW;512;896;16;458752;0.082432;178.087

WO;512;14;16;458752;0.04256;172.463
WO;512;28;16;458752;0.042656;172.075
WO;512;56;16;458752;0.042848;171.304
WO;512;112;16;458752;0.042272;173.638
WO;512;224;16;458752;0.0424;173.114
WO;512;448;16;458752;0.042336;173.376
WO;512;896;16;458752;0.042144;174.166

RW;512;14;16;917504;0.186976;157.026
RW;512;28;16;917504;0.175776;167.031
RW;512;56;16;917504;0.176;166.819
RW;512;112;16;917504;0.177696;165.227
RW;512;224;16;917504;0.176192;166.637
RW;512;448;16;917504;0.17456;168.195
RW;512;896;16;917504;0.169376;173.343
RW;512;1792;16;917504;0.16448;178.503

WO;512;14;16;917504;0.083936;174.896
WO;512;28;16;917504;0.084416;173.901
WO;512;56;16;917504;0.083808;175.163
WO;512;112;16;917504;0.08272;177.467
WO;512;224;16;917504;0.0832;176.443
WO;512;448;16;917504;0.081824;179.41
WO;512;896;16;917504;0.081312;180.54
WO;512;1792;16;917504;0.08112;180.967

RW;512;14;16;1835008;0.374304;156.879
RW;512;28;16;1835008;0.356832;164.56
RW;512;56;16;1835008;0.357664;164.177
RW;512;112;16;1835008;0.35664;164.649
RW;512;224;16;1835008;0.354592;165.599
RW;512;448;16;1835008;0.352448;166.607
RW;512;896;16;1835008;0.344352;170.524
RW;512;1792;16;1835008;0.338464;173.49
RW;512;3584;16;1835008;0.330592;177.622

WO;512;14;16;1835008;0.165024;177.914
WO;512;28;16;1835008;0.166176;176.681
WO;512;56;16;1835008;0.166848;175.969
WO;512;112;16;1835008;0.165344;177.57
WO;512;224;16;1835008;0.166176;176.681
WO;512;448;16;1835008;0.165856;177.022
WO;512;896;16;1835008;0.163968;179.06
WO;512;1792;16;1835008;0.161088;182.261
WO;512;3584;16;1835008;0.161024;182.334

RW;512;14;16;3670016;0.745568;157.518
RW;512;28;16;3670016;0.712384;164.856
RW;512;56;16;3670016;0.717472;163.687
RW;512;112;16;3670016;0.71616;163.986
RW;512;224;16;3670016;0.716032;164.016
RW;512;448;16;3670016;0.712544;164.819
RW;512;896;16;3670016;0.706592;166.207
RW;512;1792;16;3670016;0.694368;169.133
RW;512;3584;16;3670016;0.674528;174.108
RW;512;7168;16;3670016;0.656672;178.842

WO;512;14;16;3670016;0.327264;179.428
WO;512;28;16;3670016;0.328992;178.485
WO;512;56;16;3670016;0.332608;176.545
WO;512;112;16;3670016;0.328352;178.833
WO;512;224;16;3670016;0.331648;177.056
WO;512;448;16;3670016;0.331552;177.107
WO;512;896;16;3670016;0.325952;180.15
WO;512;1792;16;3670016;0.323328;181.612
WO;512;3584;16;3670016;0.318752;184.219
WO;512;7168;16;3670016;0.318112;184.59

RW;512;14;16;7340032;1.50544;156.022
RW;512;28;16;7340032;1.45114;161.86
RW;512;56;16;7340032;1.44963;162.028
RW;512;112;16;7340032;1.45002;161.985
RW;512;224;16;7340032;1.43664;163.493
RW;512;448;16;7340032;1.43629;163.533
RW;512;896;16;7340032;1.43728;163.421
RW;512;1792;16;7340032;1.42067;165.331
RW;512;3584;16;7340032;1.38451;169.649
RW;512;7168;16;7340032;1.34944;174.058
RW;512;14336;16;7340032;1.31178;179.056

WO;512;14;16;7340032;0.65456;179.419
WO;512;28;16;7340032;0.65872;178.286
WO;512;56;16;7340032;0.664288;176.792
WO;512;112;16;7340032;0.65616;178.982
WO;512;224;16;7340032;0.658496;178.347
WO;512;448;16;7340032;0.66208;177.381
WO;512;896;16;7340032;0.653248;179.779
WO;512;1792;16;7340032;0.648192;181.182
WO;512;3584;16;7340032;0.642496;182.788
WO;512;7168;16;7340032;0.63168;185.918
WO;512;14336;16;7340032;0.631872;185.861

RW;512;14;16;14680064;3.0313;154.971
RW;512;28;16;14680064;2.91437;161.188
RW;512;56;16;14680064;2.91654;161.068
RW;512;112;16;14680064;2.9079;161.547
RW;512;224;16;14680064;2.89994;161.99
RW;512;448;16;14680064;2.89725;162.141
RW;512;896;16;14680064;2.88163;163.019
RW;512;1792;16;14680064;2.88186;163.007
RW;512;3584;16;14680064;2.82134;166.503
RW;512;7168;16;14680064;2.75715;170.379
RW;512;14336;16;14680064;2.68698;174.829
RW;512;28672;16;14680064;2.60851;180.088

WO;512;14;16;14680064;1.30672;179.749
WO;512;28;16;14680064;1.30422;180.093
WO;512;56;16;14680064;1.3223;177.63
WO;512;112;16;14680064;1.3168;178.373
WO;512;224;16;14680064;1.31725;178.312
WO;512;448;16;14680064;1.33366;176.117
WO;512;896;16;14680064;1.30464;180.035
WO;512;1792;16;14680064;1.29766;181.003
WO;512;3584;16;14680064;1.2895;182.148
WO;512;7168;16;14680064;1.27728;183.892
WO;512;14336;16;14680064;1.25978;186.447
WO;512;28672;16;14680064;1.26147;186.196

RW;512;14;16;29360128;6.07213;154.727
RW;512;28;16;29360128;5.84064;160.86
RW;512;56;16;29360128;5.8473;160.677
RW;512;112;16;29360128;5.82912;161.178
RW;512;224;16;29360128;5.8448;160.745
RW;512;448;16;29360128;5.81078;161.686
RW;512;896;16;29360128;5.81146;161.668
RW;512;1792;16;29360128;5.7784;162.592
RW;512;3584;16;29360128;5.75683;163.202
RW;512;7168;16;29360128;5.62256;167.099
RW;512;14336;16;29360128;5.47235;171.686
RW;512;28672;16;29360128;5.35258;175.527
RW;512;57344;16;29360128;5.21706;180.087

WO;512;14;16;29360128;2.61155;179.878
WO;512;28;16;29360128;2.60947;180.022
WO;512;56;16;29360128;2.64787;177.411
WO;512;112;16;29360128;2.63942;177.979
WO;512;224;16;29360128;2.62957;178.646
WO;512;448;16;29360128;2.66403;176.335
WO;512;896;16;29360128;2.6248;178.971
WO;512;1792;16;29360128;2.60362;180.427
WO;512;3584;16;29360128;2.5913;181.285
WO;512;7168;16;29360128;2.57437;182.477
WO;512;14336;16;29360128;2.53286;185.467
WO;512;28672;16;29360128;2.51037;187.129
WO;512;57344;16;29360128;2.51958;186.444

RW;512;14;16;58720256;12.2803;153.013
RW;512;28;16;58720256;11.7121;160.437
RW;512;56;16;58720256;11.7131;160.423
RW;512;112;16;58720256;11.7056;160.526
RW;512;224;16;58720256;11.7088;160.482
RW;512;448;16;58720256;11.6914;160.721
RW;512;896;16;58720256;11.6804;160.872
RW;512;1792;16;58720256;11.6496;161.297
RW;512;3584;16;58720256;11.5395;162.836
RW;512;7168;16;58720256;11.5157;163.173
RW;512;14336;16;58720256;11.2939;166.377
RW;512;28672;16;58720256;10.9742;171.225
RW;512;57344;16;58720256;10.7336;175.062
RW;512;114688;16;58720256;10.4258;180.23

WO;512;14;16;58720256;5.2432;179.189
WO;512;28;16;58720256;5.24717;179.054
WO;512;56;16;58720256;5.30739;177.022
WO;512;112;16;58720256;5.2945;177.453
WO;512;224;16;58720256;5.28394;177.808
WO;512;448;16;58720256;5.352;175.546
WO;512;896;16;58720256;5.2721;178.207
WO;512;1792;16;58720256;5.2432;179.189
WO;512;3584;16;58720256;5.20349;180.557
WO;512;7168;16;58720256;5.1807;181.351
WO;512;14336;16;58720256;5.15536;182.242
WO;512;28672;16;58720256;5.0744;185.15
WO;512;57344;16;58720256;5.02362;187.021
WO;512;114688;16;58720256;5.0248;186.977

RW;512;14;16;117440512;24.372;154.197
RW;512;28;16;117440512;23.4658;160.152
RW;512;56;16;117440512;23.4632;160.17
RW;512;112;16;117440512;23.4308;160.391
RW;512;224;16;117440512;23.4529;160.24
RW;512;448;16;117440512;23.4094;160.538
RW;512;896;16;117440512;23.4293;160.402
RW;512;1792;16;117440512;23.3764;160.765
RW;512;3584;16;117440512;23.2689;161.507
RW;512;7168;16;117440512;23.135;162.442
RW;512;14336;16;117440512;23.0512;163.032
RW;512;28672;16;117440512;22.5012;167.018
RW;512;57344;16;117440512;21.8929;171.658
RW;512;114688;16;117440512;21.4203;175.446
RW;512;229376;16;117440512;20.8255;180.457

WO;512;14;16;117440512;10.5496;178.116
WO;512;28;16;117440512;10.5422;178.24
WO;512;56;16;117440512;10.6367;176.657
WO;512;112;16;117440512;10.6174;176.979
WO;512;224;16;117440512;10.6292;176.781
WO;512;448;16;117440512;10.7087;175.47
WO;512;896;16;117440512;10.5831;177.552
WO;512;1792;16;117440512;10.5532;178.055
WO;512;3584;16;117440512;10.463;179.589
WO;512;7168;16;117440512;10.4165;180.392
WO;512;14336;16;117440512;10.391;180.834
WO;512;28672;16;117440512;10.2827;182.738
WO;512;57344;16;117440512;10.11;185.861
WO;512;114688;16;117440512;10.0244;187.448
WO;512;229376;16;117440512;10.0364;187.224

RW;1024;14;16;14336;0.008224;55.7821

WO;1024;14;16;14336;0.008256;27.7829

RW;1024;14;16;28672;0.008864;103.509
RW;1024;28;16;28672;0.009088;100.958

WO;1024;14;16;28672;0.008864;51.7545
WO;1024;28;16;28672;0.009088;50.4789

RW;1024;14;16;57344;0.01664;110.277
RW;1024;28;16;57344;0.016544;110.917
RW;1024;56;16;57344;0.01648;111.348

WO;1024;14;16;57344;0.0104;88.2215
WO;1024;28;16;57344;0.010752;85.3333
WO;1024;56;16;57344;0.010496;87.4146

RW;1024;14;16;114688;0.026592;138.012
RW;1024;28;16;114688;0.02576;142.47
RW;1024;56;16;114688;0.02592;141.59
RW;1024;112;16;114688;0.025696;142.824

WO;1024;14;16;114688;0.013952;131.523
WO;1024;28;16;114688;0.013984;131.222
WO;1024;56;16;114688;0.013952;131.523
WO;1024;112;16;114688;0.013728;133.669

RW;1024;14;16;229376;0.04736;154.984
RW;1024;28;16;229376;0.046496;157.864
RW;1024;56;16;229376;0.045504;161.305
RW;1024;112;16;229376;0.046496;157.864
RW;1024;224;16;229376;0.044864;163.606

WO;1024;14;16;229376;0.022464;163.373
WO;1024;28;16;229376;0.02256;162.678
WO;1024;56;16;229376;0.022784;161.079
WO;1024;112;16;229376;0.022496;163.141
WO;1024;224;16;229376;0.022496;163.141

RW;1024;14;16;458752;0.08928;164.427
RW;1024;28;16;458752;0.087296;168.164
RW;1024;56;16;458752;0.087456;167.857
RW;1024;112;16;458752;0.086304;170.097
RW;1024;224;16;458752;0.085952;170.794
RW;1024;448;16;458752;0.085696;171.304

WO;1024;14;16;458752;0.042816;171.432
WO;1024;28;16;458752;0.04304;170.54
WO;1024;56;16;458752;0.042464;172.853
WO;1024;112;16;458752;0.042528;172.593
WO;1024;224;16;458752;0.042848;171.304
WO;1024;448;16;458752;0.042304;173.507

RW;1024;14;16;917504;0.176096;166.728
RW;1024;28;16;917504;0.175136;167.642
RW;1024;56;16;917504;0.175264;167.519
RW;1024;112;16;917504;0.174176;168.566
RW;1024;224;16;917504;0.174144;168.597
RW;1024;448;16;917504;0.169984;172.723
RW;1024;896;16;917504;0.165504;177.398

WO;1024;14;16;917504;0.083168;176.511
WO;1024;28;16;917504;0.083808;175.163
WO;1024;56;16;917504;0.082528;177.88
WO;1024;112;16;917504;0.08256;177.811
WO;1024;224;16;917504;0.083488;175.834
WO;1024;448;16;917504;0.081856;179.34
WO;1024;896;16;917504;0.081824;179.41

RW;1024;14;16;1835008;0.357536;164.236
RW;1024;28;16;1835008;0.360576;162.851
RW;1024;56;16;1835008;0.352064;166.789
RW;1024;112;16;1835008;0.350144;167.703
RW;1024;224;16;1835008;0.353056;166.32
RW;1024;448;16;1835008;0.348096;168.69
RW;1024;896;16;1835008;0.337568;173.951
RW;1024;1792;16;1835008;0.32864;178.677

WO;1024;14;16;1835008;0.1656;177.295
WO;1024;28;16;1835008;0.167264;175.532
WO;1024;56;16;1835008;0.16608;176.783
WO;1024;112;16;1835008;0.166016;176.851
WO;1024;224;16;1835008;0.166976;175.834
WO;1024;448;16;1835008;0.164416;178.572
WO;1024;896;16;1835008;0.162944;180.185
WO;1024;1792;16;1835008;0.161856;181.397

RW;1024;14;16;3670016;0.718208;163.519
RW;1024;28;16;3670016;0.720288;163.047
RW;1024;56;16;3670016;0.71264;164.796
RW;1024;112;16;3670016;0.702912;167.077
RW;1024;224;16;3670016;0.70784;165.914
RW;1024;448;16;3670016;0.702304;167.222
RW;1024;896;16;3670016;0.694176;169.18
RW;1024;1792;16;3670016;0.67744;173.359
RW;1024;3584;16;3670016;0.6512;180.345

WO;1024;14;16;3670016;0.330112;177.88
WO;1024;28;16;3670016;0.332544;176.579
WO;1024;56;16;3670016;0.336384;174.563
WO;1024;112;16;3670016;0.333696;175.969
WO;1024;224;16;3670016;0.337952;173.753
WO;1024;448;16;3670016;0.327744;179.165
WO;1024;896;16;3670016;0.3248;180.789
WO;1024;1792;16;3670016;0.32048;183.226
WO;1024;3584;16;3670016;0.318752;184.219

RW;1024;14;16;7340032;1.45331;161.618
RW;1024;28;16;7340032;1.44749;162.268
RW;1024;56;16;7340032;1.44688;162.336
RW;1024;112;16;7340032;1.42864;164.409
RW;1024;224;16;7340032;1.42666;164.637
RW;1024;448;16;7340032;1.42493;164.837
RW;1024;896;16;7340032;1.42096;165.297
RW;1024;1792;16;7340032;1.38493;169.598
RW;1024;3584;16;7340032;1.35037;173.939
RW;1024;7168;16;7340032;1.2968;181.124

WO;1024;14;16;7340032;0.652512;179.982
WO;1024;28;16;7340032;0.662144;177.364
WO;1024;56;16;7340032;0.660512;177.802
WO;1024;112;16;7340032;0.6568;178.807
WO;1024;224;16;7340032;0.663968;176.877
WO;1024;448;16;7340032;0.659488;178.078
WO;1024;896;16;7340032;0.650144;180.638
WO;1024;1792;16;7340032;0.645824;181.846
WO;1024;3584;16;7340032;0.636096;184.627
WO;1024;7168;16;7340032;0.635232;184.878

RW;1024;14;16;14680064;2.90915;161.477
RW;1024;28;16;14680064;2.90835;161.522
RW;1024;56;16;14680064;2.90218;161.865
RW;1024;112;16;14680064;2.888;162.66
RW;1024;224;16;14680064;2.87968;163.13
RW;1024;448;16;14680064;2.87523;163.382
RW;1024;896;16;14680064;2.86307;164.076
RW;1024;1792;16;14680064;2.82752;166.139
RW;1024;3584;16;14680064;2.75123;170.746
RW;1024;7168;16;14680064;2.67891;175.356
RW;1024;14336;16;14680064;2.58598;181.657

WO;1024;14;16;14680064;1.3065;179.779
WO;1024;28;16;14680064;1.32058;177.863
WO;1024;56;16;14680064;1.3193;178.035
WO;1024;112;16;14680064;1.32045;177.88
WO;1024;224;16;14680064;1.31837;178.16
WO;1024;448;16;14680064;1.30416;180.101
WO;1024;896;16;14680064;1.30051;180.607
WO;1024;1792;16;14680064;1.29168;181.841
WO;1024;3584;16;14680064;1.27872;183.684
WO;1024;7168;16;14680064;1.26835;185.186
WO;1024;14336;16;14680064;1.26419;185.795

RW;1024;14;16;29360128;5.84806;160.656
RW;1024;28;16;29360128;5.83904;160.904
RW;1024;56;16;29360128;5.82464;161.302
RW;1024;112;16;29360128;5.81606;161.54
RW;1024;224;16;29360128;5.7912;162.233
RW;1024;448;16;29360128;5.8047;161.856
RW;1024;896;16;29360128;5.76371;163.007
RW;1024;1792;16;29360128;5.70813;164.594
RW;1024;3584;16;29360128;5.6417;166.532
RW;1024;7168;16;29360128;5.47181;171.703
RW;1024;14336;16;29360128;5.34451;175.792
RW;1024;28672;16;29360128;5.17715;181.475

WO;1024;14;16;29360128;2.61706;179.5
WO;1024;28;16;29360128;2.65549;176.902
WO;1024;56;16;29360128;2.64269;177.759
WO;1024;112;16;29360128;2.6353;178.258
WO;1024;224;16;29360128;2.63789;178.083
WO;1024;448;16;29360128;2.61878;179.382
WO;1024;896;16;29360128;2.60483;180.343
WO;1024;1792;16;29360128;2.59792;180.822
WO;1024;3584;16;29360128;2.57702;182.289
WO;1024;7168;16;29360128;2.54349;184.692
WO;1024;14336;16;29360128;2.52058;186.371
WO;1024;28672;16;29360128;2.52048;186.378

RW;1024;14;16;58720256;11.702;160.575
RW;1024;28;16;58720256;11.7093;160.475
RW;1024;56;16;58720256;11.6872;160.778
RW;1024;112;16;58720256;11.6629;161.113
RW;1024;224;16;58720256;11.6428;161.392
RW;1024;448;16;58720256;11.6628;161.114
RW;1024;896;16;58720256;11.5999;161.989
RW;1024;1792;16;58720256;11.5179;163.142
RW;1024;3584;16;58720256;11.459;163.98
RW;1024;7168;16;58720256;11.3045;166.222
RW;1024;14336;16;58720256;10.98;171.133
RW;1024;28672;16;58720256;10.7052;175.526
RW;1024;57344;16;58720256;10.3356;181.804

WO;1024;14;16;58720256;5.22941;179.662
WO;1024;28;16;58720256;5.3105;176.918
WO;1024;56;16;58720256;5.29773;177.345
WO;1024;112;16;58720256;5.29178;177.544
WO;1024;224;16;58720256;5.33504;176.104
WO;1024;448;16;58720256;5.26214;178.544
WO;1024;896;16;58720256;5.23523;179.462
WO;1024;1792;16;58720256;5.2;180.678
WO;1024;3584;16;58720256;5.18976;181.034
WO;1024;7168;16;58720256;5.16096;182.044
WO;1024;14336;16;58720256;5.09318;184.467
WO;1024;28672;16;58720256;5.03955;186.43
WO;1024;57344;16;58720256;5.04285;186.308

RW;1024;14;16;117440512;23.4517;160.248
RW;1024;28;16;117440512;23.4426;160.31
RW;1024;56;16;117440512;23.4346;160.366
RW;1024;112;16;117440512;23.3946;160.639
RW;1024;224;16;117440512;23.3412;161.007
RW;1024;448;16;117440512;23.4156;160.495
RW;1024;896;16;117440512;23.2998;161.293
RW;1024;1792;16;117440512;23.1656;162.227
RW;1024;3584;16;117440512;23.1008;162.683
RW;1024;7168;16;117440512;22.9294;163.898
RW;1024;14336;16;117440512;22.5294;166.808
RW;1024;28672;16;117440512;21.9233;171.42
RW;1024;57344;16;117440512;21.3523;176.004
RW;1024;114688;16;117440512;20.6656;181.853

WO;1024;14;16;117440512;10.5445;178.201
WO;1024;28;16;117440512;10.6346;176.692
WO;1024;56;16;117440512;10.6144;177.028
WO;1024;112;16;117440512;10.6195;176.943
WO;1024;224;16;117440512;10.6756;176.013
WO;1024;448;16;117440512;10.5811;177.586
WO;1024;896;16;117440512;10.5013;178.935
WO;1024;1792;16;117440512;10.4595;179.65
WO;1024;3584;16;117440512;10.4208;180.317
WO;1024;7168;16;117440512;10.3844;180.949
WO;1024;14336;16;117440512;10.3016;182.404
WO;1024;28672;16;117440512;10.1532;185.069
WO;1024;57344;16;117440512;10.0759;186.49
WO;1024;114688;16;117440512;10.0681;186.633

RW;192;14;16;2688;0.007392;11.6364

WO;192;14;16;2688;0.007392;5.81818

RW;192;14;16;5376;0.008256;20.8372
RW;192;28;16;5376;0.007424;23.1724

WO;192;14;16;5376;0.007424;11.5862
WO;192;28;16;5376;0.007392;11.6364

RW;192;14;16;10752;0.009024;38.1277
RW;192;28;16;10752;0.008192;42
RW;192;56;16;10752;0.007936;43.3548

WO;192;14;16;10752;0.007392;23.2727
WO;192;28;16;10752;0.007392;23.2727
WO;192;56;16;10752;0.007392;23.2727

RW;192;14;16;21504;0.010688;64.3832
RW;192;28;16;21504;0.00992;69.3677
RW;192;56;16;21504;0.00832;82.7077
RW;192;112;16;21504;0.008256;83.3488

WO;192;14;16;21504;0.008224;41.8366
WO;192;28;16;21504;0.008192;42
WO;192;56;16;21504;0.008;43.008
WO;192;112;16;21504;0.007968;43.1807

RW;192;14;16;43008;0.016992;80.9944
RW;192;28;16;43008;0.013184;104.388
RW;192;56;16;43008;0.0112;122.88
RW;192;112;16;43008;0.010752;128
RW;192;224;16;43008;0.01072;128.382

WO;192;14;16;43008;0.009888;69.5922
WO;192;28;16;43008;0.009024;76.2553
WO;192;56;16;43008;0.009024;76.2553
WO;192;112;16;43008;0.009024;76.2553
WO;192;224;16;43008;0.0088;78.1964

RW;192;14;16;86016;0.033024;83.3488
RW;192;28;16;86016;0.0248;110.988
RW;192;56;16;86016;0.0224;122.88
RW;192;112;16;86016;0.0208;132.332
RW;192;224;16;86016;0.020672;133.152
RW;192;448;16;86016;0.02064;133.358

WO;192;14;16;86016;0.013984;98.4165
WO;192;28;16;86016;0.012384;111.132
WO;192;56;16;86016;0.012064;114.08
WO;192;112;16;86016;0.01232;111.709
WO;192;224;16;86016;0.01232;111.709
WO;192;448;16;86016;0.012064;114.08

RW;192;14;16;172032;0.056256;97.8567
RW;192;28;16;172032;0.04304;127.905
RW;192;56;16;172032;0.038432;143.241
RW;192;112;16;172032;0.035872;153.463
RW;192;224;16;172032;0.035648;154.427
RW;192;448;16;172032;0.03488;157.828
RW;192;896;16;172032;0.034336;160.328

WO;192;14;16;172032;0.020096;136.968
WO;192;28;16;172032;0.017472;157.538
WO;192;56;16;172032;0.017248;159.584
WO;192;112;16;172032;0.017472;157.538
WO;192;224;16;172032;0.017344;158.701
WO;192;448;16;172032;0.017248;159.584
WO;192;896;16;172032;0.01728;159.289

RW;192;14;16;344064;0.10592;103.947
RW;192;28;16;344064;0.077792;141.532
RW;192;56;16;344064;0.069824;157.683
RW;192;112;16;344064;0.066816;164.782
RW;192;224;16;344064;0.065088;169.156
RW;192;448;16;344064;0.065376;168.411
RW;192;896;16;344064;0.06352;173.332
RW;192;1792;16;344064;0.06256;175.992

WO;192;14;16;344064;0.0328;167.836
WO;192;28;16;344064;0.032416;169.824
WO;192;56;16;344064;0.032544;169.156
WO;192;112;16;344064;0.03248;169.49
WO;192;224;16;344064;0.032448;169.657
WO;192;448;16;344064;0.032352;170.16
WO;192;896;16;344064;0.03168;173.77
WO;192;1792;16;344064;0.031904;172.55

RW;192;14;16;688128;0.20576;107.018
RW;192;28;16;688128;0.150112;146.691
RW;192;56;16;688128;0.135584;162.409
RW;192;112;16;688128;0.132224;166.536
RW;192;224;16;688128;0.132704;165.934
RW;192;448;16;688128;0.13392;164.427
RW;192;896;16;688128;0.130464;168.783
RW;192;1792;16;688128;0.127616;172.55
RW;192;3584;16;688128;0.123744;177.949

WO;192;14;16;688128;0.064096;171.774
WO;192;28;16;688128;0.063072;174.563
WO;192;56;16;688128;0.062592;175.902
WO;192;112;16;688128;0.06304;174.652
WO;192;224;16;688128;0.06464;170.329
WO;192;448;16;688128;0.062592;175.902
WO;192;896;16;688128;0.061888;177.903
WO;192;1792;16;688128;0.061312;179.574
WO;192;3584;16;688128;0.061216;179.856

RW;192;14;16;1376256;0.406144;108.435
RW;192;28;16;1376256;0.291072;151.303
RW;192;56;16;1376256;0.264512;166.496
RW;192;112;16;1376256;0.26656;165.217
RW;192;224;16;1376256;0.268704;163.899
RW;192;448;16;1376256;0.269344;163.509
RW;192;896;16;1376256;0.263552;167.102
RW;192;1792;16;1376256;0.2584;170.434
RW;192;3584;16;1376256;0.252768;174.232
RW;192;7168;16;1376256;0.248384;177.307

WO;192;14;16;1376256;0.12864;171.176
WO;192;28;16;1376256;0.12496;176.217
WO;192;56;16;1376256;0.124512;176.851
WO;192;112;16;1376256;0.125344;175.677
WO;192;224;16;1376256;0.133952;164.388
WO;192;448;16;1376256;0.125248;175.812
WO;192;896;16;1376256;0.124192;177.307
WO;192;1792;16;1376256;0.122656;179.527
WO;192;3584;16;1376256;0.121408;181.373
WO;192;7168;16;1376256;0.121376;181.421

RW;192;14;16;2752512;0.80144;109.903
RW;192;28;16;2752512;0.584576;150.674
RW;192;56;16;2752512;0.531872;165.604
RW;192;112;16;2752512;0.534784;164.703
RW;192;224;16;2752512;0.543552;162.046
RW;192;448;16;2752512;0.54576;161.39
RW;192;896;16;2752512;0.534336;164.841
RW;192;1792;16;2752512;0.528416;166.688
RW;192;3584;16;2752512;0.516384;170.571
RW;192;7168;16;2752512;0.50448;174.596
RW;192;14336;16;2752512;0.495424;177.788

WO;192;14;16;2752512;0.256736;171.539
WO;192;28;16;2752512;0.247456;177.972
WO;192;56;16;2752512;0.244768;179.926
WO;192;112;16;2752512;0.246432;178.711
WO;192;224;16;2752512;0.257344;171.134
WO;192;448;16;2752512;0.250144;176.059
WO;192;896;16;2752512;0.251936;174.807
WO;192;1792;16;2752512;0.242848;181.349
WO;192;3584;16;2752512;0.240672;182.988
WO;192;7168;16;2752512;0.238464;184.683
WO;192;14336;16;2752512;0.23824;184.856

RW;192;14;16;5505024;1.60029;110.081
RW;192;28;16;5505024;1.16022;151.833
RW;192;56;16;5505024;1.0737;164.07
RW;192;112;16;5505024;1.08726;162.022
RW;192;224;16;5505024;1.09222;161.286
RW;192;448;16;5505024;1.10582;159.303
RW;192;896;16;5505024;1.07795;163.422
RW;192;1792;16;5505024;1.07379;164.055
RW;192;3584;16;5505024;1.05632;166.768
RW;192;7168;16;5505024;1.03165;170.757
RW;192;14336;16;5505024;1.01523;173.518
RW;192;28672;16;5505024;0.992704;177.455

WO;192;14;16;5505024;0.510848;172.42
WO;192;28;16;5505024;0.492544;178.827
WO;192;56;16;5505024;0.493664;178.422
WO;192;112;16;5505024;0.492448;178.862
WO;192;224;16;5505024;0.531488;165.724
WO;192;448;16;5505024;0.495392;177.799
WO;192;896;16;5505024;0.497504;177.045
WO;192;1792;16;5505024;0.487328;180.741
WO;192;3584;16;5505024;0.4848;181.684
WO;192;7168;16;5505024;0.476416;184.881
WO;192;14336;16;5505024;0.474368;185.679
WO;192;28672;16;5505024;0.4736;185.981

RW;192;14;16;11010048;3.20957;109.772
RW;192;28;16;11010048;2.35056;149.888
RW;192;56;16;11010048;2.16992;162.366
RW;192;112;16;11010048;2.18144;161.509
RW;192;224;16;11010048;2.20941;159.464
RW;192;448;16;11010048;2.22397;158.42
RW;192;896;16;11010048;2.18371;161.341
RW;192;1792;16;11010048;2.16858;162.467
RW;192;3584;16;11010048;2.15533;163.465
RW;192;7168;16;11010048;2.11584;166.516
RW;192;14336;16;11010048;2.06576;170.553
RW;192;28672;16;11010048;2.02733;173.786
RW;192;57344;16;11010048;1.98182;177.776

WO;192;14;16;11010048;1.02189;172.388
WO;192;28;16;11010048;0.984416;178.95
WO;192;56;16;11010048;0.970112;181.588
WO;192;112;16;11010048;0.990112;177.92
WO;192;224;16;11010048;1.07546;163.801
WO;192;448;16;11010048;0.998784;176.375
WO;192;896;16;11010048;0.997088;176.675
WO;192;1792;16;11010048;0.9808;179.609
WO;192;3584;16;11010048;0.971648;181.301
WO;192;7168;16;11010048;0.965568;182.443
WO;192;14336;16;11010048;0.953728;184.708
WO;192;28672;16;11010048;0.943296;186.75
WO;192;57344;16;11010048;0.942304;186.947

RW;192;14;16;22020096;6.43674;109.472
RW;192;28;16;22020096;4.66451;151.065
RW;192;56;16;22020096;4.36202;161.541
RW;192;112;16;22020096;4.37549;161.043
RW;192;224;16;22020096;4.40806;159.853
RW;192;448;16;22020096;4.44486;158.53
RW;192;896;16;22020096;4.40669;159.903
RW;192;1792;16;22020096;4.36595;161.395
RW;192;3584;16;22020096;4.35107;161.947
RW;192;7168;16;22020096;4.31571;163.274
RW;192;14336;16;22020096;4.22963;166.597
RW;192;28672;16;22020096;4.11946;171.052
RW;192;57344;16;22020096;4.0359;174.594
RW;192;114688;16;22020096;3.95325;178.244

WO;192;14;16;22020096;2.04461;172.317
WO;192;28;16;22020096;1.97264;178.604
WO;192;56;16;22020096;1.9584;179.903
WO;192;112;16;22020096;1.98035;177.909
WO;192;224;16;22020096;2.12733;165.617
WO;192;448;16;22020096;2.05491;171.453
WO;192;896;16;22020096;2.00406;175.804
WO;192;1792;16;22020096;1.99008;177.039
WO;192;3584;16;22020096;1.96125;179.642
WO;192;7168;16;22020096;1.95424;180.286
WO;192;14336;16;22020096;1.92787;182.752
WO;192;28672;16;22020096;1.89779;185.648
WO;192;57344;16;22020096;1.87581;187.824
WO;192;114688;16;22020096;1.88688;186.722

RW;192;14;16;44040192;12.9022;109.228
RW;192;28;16;44040192;9.39891;149.941
RW;192;56;16;44040192;8.76304;160.822
RW;192;112;16;44040192;8.78355;160.446
RW;192;224;16;44040192;8.81098;159.947
RW;192;448;16;44040192;8.91174;158.138
RW;192;896;16;44040192;8.82774;159.643
RW;192;1792;16;44040192;8.75946;160.887
RW;192;3584;16;44040192;8.73341;161.367
RW;192;7168;16;44040192;8.71613;161.687
RW;192;14336;16;44040192;8.62099;163.471
RW;192;28672;16;44040192;8.44698;166.839
RW;192;57344;16;44040192;8.22605;171.32
RW;192;114688;16;44040192;8.05299;175.002
RW;192;229376;16;44040192;7.92086;177.921

WO;192;14;16;44040192;4.09949;171.886
WO;192;28;16;44040192;3.95898;177.986
WO;192;56;16;44040192;3.92954;179.32
WO;192;112;16;44040192;3.96595;177.673
WO;192;224;16;44040192;4.25789;165.491
WO;192;448;16;44040192;4.05155;173.919
WO;192;896;16;44040192;4.02502;175.066
WO;192;1792;16;44040192;3.97274;177.37
WO;192;3584;16;44040192;3.95757;178.05
WO;192;7168;16;44040192;3.93392;179.12
WO;192;14336;16;44040192;3.90618;180.392
WO;192;28672;16;44040192;3.85725;182.68
WO;192;57344;16;44040192;3.77981;186.423
WO;192;114688;16;44040192;3.75376;187.717
WO;192;229376;16;44040192;3.7609;187.36

RW;192;14;16;88080384;25.8594;108.996
RW;192;28;16;88080384;18.7769;150.108
RW;192;56;16;88080384;17.543;160.666
RW;192;112;16;88080384;17.5773;160.353
RW;192;224;16;88080384;17.6731;159.484
RW;192;448;16;88080384;18.1955;154.905
RW;192;896;16;88080384;17.7783;158.54
RW;192;1792;16;88080384;17.594;160.201
RW;192;3584;16;88080384;17.5345;160.744
RW;192;7168;16;88080384;17.4972;161.087
RW;192;14336;16;88080384;17.4456;161.564
RW;192;28672;16;88080384;17.2779;163.131
RW;192;57344;16;88080384;16.907;166.71
RW;192;114688;16;88080384;16.4599;171.239
RW;192;229376;16;88080384;16.1967;174.021
RW;192;458752;16;88080384;15.8106;178.271

WO;192;14;16;88080384;8.21203;171.612
WO;192;28;16;88080384;7.94522;177.375
WO;192;56;16;88080384;7.90714;178.23
WO;192;112;16;88080384;7.96208;177
WO;192;224;16;88080384;8.53341;165.149
WO;192;448;16;88080384;8.15645;172.782
WO;192;896;16;88080384;8.10893;173.794
WO;192;1792;16;88080384;8.06989;174.635
WO;192;3584;16;88080384;7.93242;177.662
WO;192;7168;16;88080384;7.93354;177.637
WO;192;14336;16;88080384;7.89715;178.455
WO;192;28672;16;88080384;7.8257;180.084
WO;192;57344;16;88080384;7.7136;182.701
WO;192;114688;16;88080384;7.55562;186.522
WO;192;229376;16;88080384;7.49994;187.906
WO;192;458752;16;88080384;7.51158;187.615

RW;384;14;16;5376;0.007488;22.9744

WO;384;14;16;5376;0.007424;11.5862

RW;384;14;16;10752;0.008224;41.8366
RW;384;28;16;10752;0.008256;41.6744

WO;384;14;16;10752;0.007136;24.1076
WO;384;28;16;10752;0.007392;23.2727

RW;384;14;16;21504;0.009632;71.4419
RW;384;28;16;21504;0.009088;75.7183
RW;384;56;16;21504;0.008288;83.027

WO;384;14;16;21504;0.008224;41.8366
WO;384;28;16;21504;0.008224;41.8366
WO;384;56;16;21504;0.007968;43.1807

RW;384;14;16;43008;0.013696;100.486
RW;384;28;16;43008;0.011488;119.799
RW;384;56;16;43008;0.010816;127.243
RW;384;112;16;43008;0.01152;119.467

WO;384;14;16;43008;0.009088;75.7183
WO;384;28;16;43008;0.009088;75.7183
WO;384;56;16;43008;0.009056;75.9859
WO;384;112;16;43008;0.009024;76.2553

RW;384;14;16;86016;0.025696;107.118
RW;384;28;16;86016;0.022304;123.409
RW;384;56;16;86016;0.020736;132.741
RW;384;112;16;86016;0.021504;128
RW;384;224;16;86016;0.020672;133.152

WO;384;14;16;86016;0.012288;112
WO;384;28;16;86016;0.012352;111.42
WO;384;56;16;86016;0.012032;114.383
WO;384;112;16;86016;0.012;114.688
WO;384;224;16;86016;0.012096;113.778

RW;384;14;16;172032;0.04224;130.327
RW;384;28;16;172032;0.038112;144.443
RW;384;56;16;172032;0.036384;151.303
RW;384;112;16;172032;0.036384;151.303
RW;384;224;16;172032;0.035584;154.705
RW;384;448;16;172032;0.034848;157.972

WO;384;14;16;172032;0.017504;157.25
WO;384;28;16;172032;0.017344;158.701
WO;384;56;16;172032;0.017472;157.538
WO;384;112;16;172032;0.017632;156.109
WO;384;224;16;172032;0.017248;159.584
WO;384;448;16;172032;0.017312;158.994

RW;384;14;16;344064;0.078496;140.263
RW;384;28;16;344064;0.069696;157.972
RW;384;56;16;344064;0.067232;163.762
RW;384;112;16;344064;0.065984;166.859
RW;384;224;16;344064;0.065472;168.164
RW;384;448;16;344064;0.063488;173.419
RW;384;896;16;344064;0.062592;175.902

WO;384;14;16;344064;0.032384;169.992
WO;384;28;16;344064;0.032544;169.156
WO;384;56;16;344064;0.032544;169.156
WO;384;112;16;344064;0.032928;167.184
WO;384;224;16;344064;0.032416;169.824
WO;384;448;16;344064;0.031936;172.377
WO;384;896;16;344064;0.032096;171.517

RW;384;14;16;688128;0.148832;147.953
RW;384;28;16;688128;0.133696;164.703
RW;384;56;16;688128;0.131136;167.918
RW;384;112;16;688128;0.1336;164.821
RW;384;224;16;688128;0.135168;162.909
RW;384;448;16;688128;0.129472;170.076
RW;384;896;16;688128;0.126528;174.033
RW;384;1792;16;688128;0.123776;177.903

WO;384;14;16;688128;0.062944;174.918
WO;384;28;16;688128;0.062528;176.082
WO;384;56;16;688128;0.063104;174.475
WO;384;112;16;688128;0.064032;171.946
WO;384;224;16;688128;0.062912;175.007
WO;384;448;16;688128;0.062176;177.079
WO;384;896;16;688128;0.0616;178.735
WO;384;1792;16;688128;0.061376;179.387

RW;384;14;16;1376256;0.290976;151.353
RW;384;28;16;1376256;0.265024;166.174
RW;384;56;16;1376256;0.266176;165.455
RW;384;112;16;1376256;0.267328;164.742
RW;384;224;16;1376256;0.267584;164.585
RW;384;448;16;1376256;0.262272;167.918
RW;384;896;16;1376256;0.258944;170.076
RW;384;1792;16;1376256;0.25232;174.541
RW;384;3584;16;1376256;0.24592;179.083

WO;384;14;16;1376256;0.124672;176.624
WO;384;28;16;1376256;0.124384;177.033
WO;384;56;16;1376256;0.125344;175.677
WO;384;112;16;1376256;0.13248;166.214
WO;384;224;16;1376256;0.126016;174.74
WO;384;448;16;1376256;0.124672;176.624
WO;384;896;16;1376256;0.122912;179.153
WO;384;1792;16;1376256;0.12176;180.848
WO;384;3584;16;1376256;0.12112;181.804

RW;384;14;16;2752512;0.58288;151.112
RW;384;28;16;2752512;0.530848;165.924
RW;384;56;16;2752512;0.538112;163.684
RW;384;112;16;2752512;0.547744;160.806
RW;384;224;16;2752512;0.5472;160.966
RW;384;448;16;2752512;0.534816;164.693
RW;384;896;16;2752512;0.52896;166.516
RW;384;1792;16;2752512;0.517312;170.265
RW;384;3584;16;2752512;0.503936;174.785
RW;384;7168;16;2752512;0.49264;178.793

WO;384;14;16;2752512;0.246848;178.41
WO;384;28;16;2752512;0.246976;178.318
WO;384;56;16;2752512;0.24736;178.041
WO;384;112;16;2752512;0.266944;164.979
WO;384;224;16;2752512;0.251648;175.007
WO;384;448;16;2752512;0.250944;175.498
WO;384;896;16;2752512;0.244256;180.303
WO;384;1792;16;2752512;0.241696;182.213
WO;384;3584;16;2752512;0.239744;183.697
WO;384;7168;16;2752512;0.238976;184.287

RW;384;14;16;5505024;1.16298;151.474
RW;384;28;16;5505024;1.07309;164.162
RW;384;56;16;5505024;1.08858;161.827
RW;384;112;16;5505024;1.08906;161.755
RW;384;224;16;5505024;1.10314;159.691
RW;384;448;16;5505024;1.08051;163.035
RW;384;896;16;5505024;1.07344;164.109
RW;384;1792;16;5505024;1.05421;167.102
RW;384;3584;16;5505024;1.0311;170.847
RW;384;7168;16;5505024;1.00922;174.552
RW;384;14336;16;5505024;0.990048;177.932

WO;384;14;16;5505024;0.492352;178.897
WO;384;28;16;5505024;0.49008;179.727
WO;384;56;16;5505024;0.494208;178.225
WO;384;112;16;5505024;0.541408;162.688
WO;384;224;16;5505024;0.506432;173.923
WO;384;448;16;5505024;0.496992;177.227
WO;384;896;16;5505024;0.49584;177.639
WO;384;1792;16;5505024;0.485024;181.6
WO;384;3584;16;5505024;0.481024;183.11
WO;384;7168;16;5505024;0.476416;184.881
WO;384;14336;16;5505024;0.481984;182.745

RW;384;14;16;11010048;2.34461;150.269
RW;384;28;16;11010048;2.16966;162.385
RW;384;56;16;11010048;2.18058;161.573
RW;384;112;16;11010048;2.19283;160.67
RW;384;224;16;11010048;2.22893;158.068
RW;384;448;16;11010048;2.18131;161.518
RW;384;896;16;11010048;2.16595;162.664
RW;384;1792;16;11010048;2.14768;164.048
RW;384;3584;16;11010048;2.11315;166.728
RW;384;7168;16;11010048;2.06714;170.439
RW;384;14336;16;11010048;2.01776;174.61
RW;384;28672;16;11010048;1.9713;178.726

WO;384;14;16;11010048;0.989856;177.966
WO;384;28;16;11010048;0.985088;178.827
WO;384;56;16;11010048;0.99344;177.324
WO;384;112;16;11010048;1.06538;165.351
WO;384;224;16;11010048;1.00445;175.381
WO;384;448;16;11010048;0.98912;178.098
WO;384;896;16;11010048;0.983616;179.095
WO;384;1792;16;11010048;0.972256;181.188
WO;384;3584;16;11010048;0.963584;182.818
WO;384;7168;16;11010048;0.955488;184.367
WO;384;14336;16;11010048;0.94656;186.106
WO;384;28672;16;11010048;0.94752;185.918

RW;384;14;16;22020096;4.67514;150.721
RW;384;28;16;22020096;4.368;161.319
RW;384;56;16;22020096;4.38659;160.636
RW;384;112;16;22020096;4.39395;160.367
RW;384;224;16;22020096;4.45872;158.037
RW;384;448;16;22020096;4.39939;160.168
RW;384;896;16;22020096;4.356;161.764
RW;384;1792;16;22020096;4.34202;162.285
RW;384;3584;16;22020096;4.31206;163.412
RW;384;7168;16;22020096;4.2295;166.602
RW;384;14336;16;22020096;4.11488;171.243
RW;384;28672;16;22020096;4.02589;175.028
RW;384;57344;16;22020096;3.94211;178.748

WO;384;14;16;22020096;1.98323;177.65
WO;384;28;16;22020096;1.98515;177.478
WO;384;56;16;22020096;1.99162;176.902
WO;384;112;16;22020096;2.12061;166.142
WO;384;224;16;22020096;2.07715;169.618
WO;384;448;16;22020096;2.00374;175.832
WO;384;896;16;22020096;1.96941;178.897
WO;384;1792;16;22020096;1.9624;179.536
WO;384;3584;16;22020096;1.95376;180.33
WO;384;7168;16;22020096;1.92787;182.752
WO;384;14336;16;22020096;1.89549;185.874
WO;384;28672;16;22020096;1.88438;186.969
WO;384;57344;16;22020096;1.88707;186.703

RW;384;14;16;44040192;9.39642;149.981
RW;384;28;16;44040192;8.7767;160.571
RW;384;56;16;44040192;8.77997;160.512
RW;384;112;16;44040192;8.78944;160.339
RW;384;224;16;44040192;8.94454;157.558
RW;384;448;16;44040192;8.8103;159.959
RW;384;896;16;44040192;8.73946;161.256
RW;384;1792;16;44040192;8.72186;161.581
RW;384;3584;16;44040192;8.68912;162.19
RW;384;7168;16;44040192;8.62707;163.356
RW;384;14336;16;44040192;8.44186;166.94
RW;384;28672;16;44040192;8.22605;171.32
RW;384;57344;16;44040192;8.04195;175.242
RW;384;114688;16;44040192;7.84394;179.666

WO;384;14;16;44040192;3.9585;178.008
WO;384;28;16;44040192;3.94733;178.511
WO;384;56;16;44040192;3.98634;176.765
WO;384;112;16;44040192;4.25235;165.707
WO;384;224;16;44040192;4.24982;165.805
WO;384;448;16;44040192;4.07712;172.829
WO;384;896;16;44040192;3.98342;176.894
WO;384;1792;16;44040192;3.94618;178.564
WO;384;3584;16;44040192;3.91619;179.931
WO;384;7168;16;44040192;3.89856;180.744
WO;384;14336;16;44040192;3.8567;182.706
WO;384;28672;16;44040192;3.79123;185.861
WO;384;57344;16;44040192;3.76624;187.095
WO;384;114688;16;44040192;3.76278;187.266

RW;384;14;16;88080384;18.7827;150.062
RW;384;28;16;88080384;17.5543;160.563
RW;384;56;16;88080384;17.5868;160.266
RW;384;112;16;88080384;17.6039;160.11
RW;384;224;16;88080384;18.2419;154.511
RW;384;448;16;88080384;17.7658;158.652
RW;384;896;16;88080384;17.5751;160.373
RW;384;1792;16;88080384;17.4931;161.125
RW;384;3584;16;88080384;17.4683;161.354
RW;384;7168;16;88080384;17.3908;162.073
RW;384;14336;16;88080384;17.1991;163.879
RW;384;28672;16;88080384;16.89;166.878
RW;384;57344;16;88080384;16.4627;171.21
RW;384;114688;16;88080384;16.1647;174.366
RW;384;229376;16;88080384;15.7368;179.107

WO;384;14;16;88080384;7.94496;177.381
WO;384;28;16;88080384;7.93098;177.694
WO;384;56;16;88080384;7.95926;177.062
WO;384;112;16;88080384;8.50618;165.678
WO;384;224;16;88080384;8.1111;173.748
WO;384;448;16;88080384;8.09514;174.09
WO;384;896;16;88080384;8.02461;175.621
WO;384;1792;16;88080384;7.93312;177.646
WO;384;3584;16;88080384;7.89395;178.527
WO;384;7168;16;88080384;7.84106;179.732
WO;384;14336;16;88080384;7.8152;180.326
WO;384;28672;16;88080384;7.71315;182.712
WO;384;57344;16;88080384;7.58122;185.892
WO;384;114688;16;88080384;7.53142;187.121
WO;384;229376;16;88080384;7.52413;187.302

RW;768;14;16;10752;0.007968;43.1807

WO;768;14;16;10752;0.007168;24

RW;768;14;16;21504;0.009056;75.9859
RW;768;28;16;21504;0.008832;77.913

WO;768;14;16;21504;0.008288;41.5135
WO;768;28;16;21504;0.008288;41.5135

RW;768;14;16;43008;0.011648;118.154
RW;768;28;16;43008;0.01072;128.382
RW;768;56;16;43008;0.011552;119.136

WO;768;14;16;43008;0.009088;75.7183
WO;768;28;16;43008;0.009056;75.9859
WO;768;56;16;43008;0.009152;75.1888

RW;768;14;16;86016;0.022336;123.232
RW;768;28;16;86016;0.021152;130.13
RW;768;56;16;86016;0.021504;128
RW;768;112;16;86016;0.021536;127.81

WO;768;14;16;86016;0.012;114.688
WO;768;28;16;86016;0.01232;111.709
WO;768;56;16;86016;0.01232;111.709
WO;768;112;16;86016;0.012096;113.778

RW;768;14;16;172032;0.038848;141.707
RW;768;28;16;172032;0.036;152.917
RW;768;56;16;172032;0.036416;151.17
RW;768;112;16;172032;0.036352;151.437
RW;768;224;16;172032;0.03568;154.289

WO;768;14;16;172032;0.017632;156.109
WO;768;28;16;172032;0.017824;154.427
WO;768;56;16;172032;0.01744;157.828
WO;768;112;16;172032;0.01744;157.828
WO;768;224;16;172032;0.017312;158.994

RW;768;14;16;344064;0.070176;156.892
RW;768;28;16;344064;0.067232;163.762
RW;768;56;16;344064;0.065472;168.164
RW;768;112;16;344064;0.066176;166.375
RW;768;224;16;344064;0.066464;165.654
RW;768;448;16;344064;0.065408;168.329

WO;768;14;16;344064;0.032512;169.323
WO;768;28;16;344064;0.032704;168.329
WO;768;56;16;344064;0.03248;169.49
WO;768;112;16;344064;0.032288;170.498
WO;768;224;16;344064;0.032192;171.006
WO;768;448;16;344064;0.032064;171.689

RW;768;14;16;688128;0.134688;163.49
RW;768;28;16;688128;0.1328;165.814
RW;768;56;16;688128;0.133408;165.058
RW;768;112;16;688128;0.130624;168.576
RW;768;224;16;688128;0.130592;168.617
RW;768;448;16;688128;0.127456;172.766
RW;768;896;16;688128;0.128224;171.731

WO;768;14;16;688128;0.0632;174.21
WO;768;28;16;688128;0.06368;172.896
WO;768;56;16;688128;0.062336;176.624
WO;768;112;16;688128;0.062784;175.364
WO;768;224;16;688128;0.062944;174.918
WO;768;448;16;688128;0.0616;178.735
WO;768;896;16;688128;0.061952;177.719

RW;768;14;16;1376256;0.26432;166.617
RW;768;28;16;1376256;0.266496;165.256
RW;768;56;16;1376256;0.265408;165.934
RW;768;112;16;1376256;0.263168;167.346
RW;768;224;16;1376256;0.262208;167.959
RW;768;448;16;1376256;0.256736;171.539
RW;768;896;16;1376256;0.249312;176.647
RW;768;1792;16;1376256;0.249152;176.76

WO;768;14;16;1376256;0.124576;176.76
WO;768;28;16;1376256;0.125792;175.052
WO;768;56;16;1376256;0.12624;174.43
WO;768;112;16;1376256;0.124448;176.942
WO;768;224;16;1376256;0.126176;174.519
WO;768;448;16;1376256;0.122912;179.153
WO;768;896;16;1376256;0.122336;179.997
WO;768;1792;16;1376256;0.1216;181.086

RW;768;14;16;2752512;0.53568;164.427
RW;768;28;16;2752512;0.537344;163.918
RW;768;56;16;2752512;0.52992;166.214
RW;768;112;16;2752512;0.528736;166.587
RW;768;224;16;2752512;0.526336;167.346
RW;768;448;16;2752512;0.523488;168.257
RW;768;896;16;2752512;0.51264;171.817
RW;768;1792;16;2752512;0.495072;177.914
RW;768;3584;16;2752512;0.491648;179.153

WO;768;14;16;2752512;0.245472;179.41
WO;768;28;16;2752512;0.248736;177.056
WO;768;56;16;2752512;0.247616;177.857
WO;768;112;16;2752512;0.248128;177.49
WO;768;224;16;2752512;0.248992;176.874
WO;768;448;16;2752512;0.244896;179.832
WO;768;896;16;2752512;0.242272;181.78
WO;768;1792;16;2752512;0.24016;183.379
WO;768;3584;16;2752512;0.239008;184.262

RW;768;14;16;5505024;1.07494;163.879
RW;768;28;16;5505024;1.08675;162.098
RW;768;56;16;5505024;1.08051;163.035
RW;768;112;16;5505024;1.07002;164.634
RW;768;224;16;5505024;1.06134;165.979
RW;768;448;16;5505024;1.05763;166.561
RW;768;896;16;5505024;1.04739;168.19
RW;768;1792;16;5505024;1.01747;173.136
RW;768;3584;16;5505024;1.00032;176.104
RW;768;7168;16;5505024;0.97632;180.433

WO;768;14;16;5505024;0.489248;180.032
WO;768;28;16;5505024;0.495136;177.891
WO;768;56;16;5505024;0.494016;178.295
WO;768;112;16;5505024;0.499424;176.364
WO;768;224;16;5505024;0.494112;178.26
WO;768;448;16;5505024;0.491456;179.223
WO;768;896;16;5505024;0.487424;180.706
WO;768;1792;16;5505024;0.4792;183.807
WO;768;3584;16;5505024;0.479648;183.635
WO;768;7168;16;5505024;0.476896;184.695

RW;768;14;16;11010048;2.16653;162.62
RW;768;28;16;11010048;2.18512;161.237
RW;768;56;16;11010048;2.1785;161.727
RW;768;112;16;11010048;2.16166;162.986
RW;768;224;16;11010048;2.13555;164.979
RW;768;448;16;11010048;2.13869;164.737
RW;768;896;16;11010048;2.12934;165.46
RW;768;1792;16;11010048;2.09203;168.411
RW;768;3584;16;11010048;2.0423;172.512
RW;768;7168;16;11010048;1.99117;176.942
RW;768;14336;16;11010048;1.944;181.235

WO;768;14;16;11010048;0.979488;179.85
WO;768;28;16;11010048;0.989536;178.024
WO;768;56;16;11010048;0.985984;178.665
WO;768;112;16;11010048;0.990272;177.891
WO;768;224;16;11010048;0.99552;176.954
WO;768;448;16;11010048;0.980928;179.586
WO;768;896;16;11010048;0.972288;181.182
WO;768;1792;16;11010048;0.965088;182.533
WO;768;3584;16;11010048;0.956576;184.158
WO;768;7168;16;11010048;0.947008;186.018
WO;768;14336;16;11010048;0.951232;185.192

RW;768;14;16;22020096;4.36218;161.535
RW;768;28;16;22020096;4.38243;160.788
RW;768;56;16;22020096;4.36938;161.269
RW;768;112;16;22020096;4.35005;161.985
RW;768;224;16;22020096;4.31952;163.13
RW;768;448;16;22020096;4.31661;163.24
RW;768;896;16;22020096;4.31117;163.446
RW;768;1792;16;22020096;4.26253;165.311
RW;768;3584;16;22020096;4.15824;169.457
RW;768;7168;16;22020096;4.06742;173.241
RW;768;14336;16;22020096;3.96842;177.563
RW;768;28672;16;22020096;3.86752;182.195

WO;768;14;16;22020096;1.95597;180.126
WO;768;28;16;22020096;1.97613;178.289
WO;768;56;16;22020096;1.98448;177.538
WO;768;112;16;22020096;1.98442;177.544
WO;768;224;16;22020096;1.99261;176.814
WO;768;448;16;22020096;1.97117;178.737
WO;768;896;16;22020096;1.95987;179.768
WO;768;1792;16;22020096;1.94755;180.905
WO;768;3584;16;22020096;1.93414;182.159
WO;768;7168;16;22020096;1.90314;185.127
WO;768;14336;16;22020096;1.89114;186.302
WO;768;28672;16;22020096;1.88515;186.893

RW;768;14;16;44040192;8.77814;160.545
RW;768;28;16;44040192;8.78611;160.399
RW;768;56;16;44040192;8.77219;160.654
RW;768;112;16;44040192;8.73872;161.269
RW;768;224;16;44040192;8.70432;161.907
RW;768;448;16;44040192;8.69702;162.042
RW;768;896;16;44040192;8.66986;162.55
RW;768;1792;16;44040192;8.61542;163.577
RW;768;3584;16;44040192;8.51862;165.436
RW;768;7168;16;44040192;8.33526;169.075
RW;768;14336;16;44040192;8.1136;173.694
RW;768;28672;16;44040192;7.91056;178.153
RW;768;57344;16;44040192;7.73456;182.206

WO;768;14;16;44040192;3.92461;179.545
WO;768;28;16;44040192;3.96918;177.528
WO;768;56;16;44040192;3.97814;177.129
WO;768;112;16;44040192;3.99542;176.363
WO;768;224;16;44040192;3.99859;176.223
WO;768;448;16;44040192;3.95728;178.062
WO;768;896;16;44040192;3.94701;178.526
WO;768;1792;16;44040192;3.92477;179.538
WO;768;3584;16;44040192;3.8999;180.682
WO;768;7168;16;44040192;3.85459;182.806
WO;768;14336;16;44040192;3.79456;185.698
WO;768;28672;16;44040192;3.76979;186.918
WO;768;57344;16;44040192;3.76794;187.01

RW;768;14;16;88080384;17.542;160.676
RW;768;28;16;88080384;17.5567;160.541
RW;768;56;16;88080384;17.5717;160.404
RW;768;112;16;88080384;17.4834;161.214
RW;768;224;16;88080384;17.4355;161.657
RW;768;448;16;88080384;17.4792;161.253
RW;768;896;16;88080384;17.4258;161.747
RW;768;1792;16;88080384;17.342;162.529
RW;768;3584;16;88080384;17.2392;163.498
RW;768;7168;16;88080384;17.0847;164.976
RW;768;14336;16;88080384;16.7268;168.507
RW;768;28672;16;88080384;16.2412;173.544
RW;768;57344;16;88080384;15.9344;176.886
RW;768;114688;16;88080384;15.4503;182.428

WO;768;14;16;88080384;7.88576;178.713
WO;768;28;16;88080384;7.952;177.224
WO;768;56;16;88080384;7.96445;176.947
WO;768;112;16;88080384;8.01043;175.931
WO;768;224;16;88080384;8.02368;175.641
WO;768;448;16;88080384;7.94886;177.294
WO;768;896;16;88080384;7.92448;177.84
WO;768;1792;16;88080384;7.89472;178.51
WO;768;3584;16;88080384;7.86029;179.292
WO;768;7168;16;88080384;7.81392;180.356
WO;768;14336;16;88080384;7.70954;182.798
WO;768;28672;16;88080384;7.59469;185.562
WO;768;57344;16;88080384;7.5232;187.325
WO;768;114688;16;88080384;7.5321;187.104

